link_id,brand_id,influencer_id,relationship_type,post_count,avg_engagement,revenue_attributed,first_mention,last_mention
1,12,33,organic,23,0.023,7535,2026-01-15T22:00:00Z,2026-05-02T01:30:00Z
2,10,386,competitor_mention,10,0.045,7138,2026-02-02T23:00:00Z,2026-05-01T09:30:00Z
3,14,99,organic,5,0.088,8905,2026-03-04T09:00:00Z,2026-04-29T19:30:00Z
4,8,326,sponsored,38,0.022,39247,2026-01-20T00:00:00Z,2026-04-24T10:30:00Z
5,5,256,organic,26,0.033,31153,2026-01-16T05:00:00Z,2026-05-03T05:30:00Z
6,10,221,sponsored,12,0.093,35770,2026-03-20T03:00:00Z,2026-04-16T11:30:00Z
7,7,304,ambassador,7,0.062,29180,2026-03-18T07:00:00Z,2026-04-18T20:30:00Z
8,13,254,ambassador,18,0.027,39451,2026-02-17T11:00:00Z,2026-04-30T08:30:00Z
9,11,38,ambassador,28,0.085,50672,2026-03-23T14:00:00Z,2026-05-01T12:30:00Z
10,1,381,organic,21,0.053,6777,2026-01-26T20:00:00Z,2026-05-03T16:30:00Z
11,7,202,sponsored,21,0.038,39609,2026-03-25T19:00:00Z,2026-05-01T12:30:00Z
12,1,453,sponsored,9,0.044,51838,2026-02-09T08:00:00Z,2026-05-01T04:30:00Z
13,14,280,organic,32,0.063,50115,2026-02-13T04:00:00Z,2026-05-02T18:30:00Z
14,9,445,organic,34,0.048,1253,2026-03-10T09:00:00Z,2026-04-26T11:30:00Z
15,8,210,organic,5,0.063,30446,2026-02-10T10:00:00Z,2026-04-18T09:30:00Z
16,3,44,organic,6,0.081,4268,2026-01-21T15:00:00Z,2026-04-19T05:30:00Z
17,6,278,ambassador,6,0.092,45836,2026-02-13T21:00:00Z,2026-04-20T18:30:00Z
18,12,436,organic,22,0.055,6755,2026-01-26T22:00:00Z,2026-05-02T03:30:00Z
19,5,445,organic,24,0.084,8808,2026-02-09T21:00:00Z,2026-04-14T18:30:00Z
20,8,158,organic,2,0.024,30163,2026-02-02T00:00:00Z,2026-04-23T13:30:00Z
21,15,286,organic,9,0.048,49427,2026-04-01T04:00:00Z,2026-04-28T20:30:00Z
22,12,378,sponsored,21,0.064,17914,2026-03-12T18:00:00Z,2026-04-15T00:30:00Z
23,6,207,affiliate,15,0.080,49232,2026-03-09T03:00:00Z,2026-05-02T23:30:00Z
24,11,332,ambassador,24,0.093,24730,2026-03-08T20:00:00Z,2026-05-04T17:30:00Z
25,15,21,ambassador,32,0.025,27413,2026-01-16T13:00:00Z,2026-05-05T02:30:00Z
26,3,292,sponsored,38,0.087,50541,2026-02-22T22:00:00Z,2026-05-01T05:30:00Z
27,3,25,organic,34,0.071,43949,2026-01-18T21:00:00Z,2026-04-15T14:30:00Z
28,4,73,affiliate,33,0.083,45691,2026-02-05T12:00:00Z,2026-04-23T05:30:00Z
29,7,61,organic,29,0.028,34249,2026-02-06T09:00:00Z,2026-05-03T14:30:00Z
30,2,316,organic,3,0.036,27967,2026-03-16T14:00:00Z,2026-04-22T02:30:00Z
31,6,417,organic,13,0.093,42909,2026-02-26T17:00:00Z,2026-04-30T14:30:00Z
32,9,244,organic,5,0.038,22526,2026-02-20T01:00:00Z,2026-05-04T02:30:00Z
33,4,458,organic,19,0.073,21727,2026-03-24T17:00:00Z,2026-04-29T11:30:00Z
34,2,173,organic,24,0.032,30052,2026-02-17T16:00:00Z,2026-05-05T01:30:00Z
35,14,224,organic,12,0.029,48784,2026-03-30T15:00:00Z,2026-04-17T02:30:00Z
36,2,306,ambassador,17,0.090,3036,2026-03-24T10:00:00Z,2026-04-20T23:30:00Z
37,14,95,sponsored,31,0.086,36295,2026-02-25T15:00:00Z,2026-04-18T14:30:00Z
38,8,237,ambassador,36,0.063,5971,2026-02-09T06:00:00Z,2026-05-04T13:30:00Z
39,8,440,affiliate,21,0.068,42096,2026-03-19T02:00:00Z,2026-04-25T08:30:00Z
40,6,178,organic,19,0.074,6910,2026-03-29T15:00:00Z,2026-04-30T23:30:00Z
41,12,8,organic,36,0.078,22720,2026-03-22T18:00:00Z,2026-04-24T11:30:00Z
42,8,47,ambassador,25,0.084,9242,2026-01-25T13:00:00Z,2026-04-22T08:30:00Z
43,2,348,organic,36,0.085,22811,2026-01-23T19:00:00Z,2026-04-27T16:30:00Z
44,10,185,sponsored,35,0.061,4963,2026-02-06T19:00:00Z,2026-04-18T03:30:00Z
45,4,180,ambassador,22,0.026,6425,2026-01-25T10:00:00Z,2026-04-28T10:30:00Z
46,11,167,organic,27,0.066,39524,2026-03-28T23:00:00Z,2026-04-27T16:30:00Z
47,12,156,ambassador,2,0.088,34271,2026-01-18T23:00:00Z,2026-04-18T15:30:00Z
48,3,92,ambassador,7,0.066,49445,2026-02-27T00:00:00Z,2026-04-28T12:30:00Z
49,5,313,organic,28,0.072,6268,2026-01-18T19:00:00Z,2026-04-25T06:30:00Z
50,2,136,sponsored,6,0.042,46737,2026-02-18T12:00:00Z,2026-04-22T19:30:00Z
51,12,279,sponsored,23,0.026,31590,2026-01-15T20:00:00Z,2026-04-16T17:30:00Z
52,3,299,ambassador,17,0.057,38373,2026-02-05T02:00:00Z,2026-04-25T05:30:00Z
53,14,348,competitor_mention,4,0.030,31868,2026-03-22T08:00:00Z,2026-04-27T14:30:00Z
54,15,65,sponsored,2,0.029,46187,2026-02-28T15:00:00Z,2026-04-29T00:30:00Z
55,2,388,affiliate,37,0.031,43117,2026-03-16T22:00:00Z,2026-05-01T19:30:00Z
56,2,376,sponsored,30,0.021,26912,2026-02-19T18:00:00Z,2026-04-23T22:30:00Z
57,13,127,organic,30,0.068,11649,2026-02-28T20:00:00Z,2026-04-22T17:30:00Z
58,1,10,organic,38,0.023,4311,2026-02-23T18:00:00Z,2026-04-30T18:30:00Z
59,5,15,organic,31,0.070,40512,2026-01-13T21:00:00Z,2026-04-21T09:30:00Z
60,6,234,affiliate,13,0.060,47442,2026-02-18T11:00:00Z,2026-04-27T14:30:00Z
61,14,165,sponsored,28,0.060,50566,2026-02-04T04:00:00Z,2026-04-16T23:30:00Z
62,9,127,organic,34,0.032,4888,2026-02-11T06:00:00Z,2026-05-01T17:30:00Z
63,5,185,organic,1,0.082,16179,2026-01-19T00:00:00Z,2026-04-24T00:30:00Z
64,9,62,organic,30,0.089,16452,2026-03-25T17:00:00Z,2026-04-26T07:30:00Z
65,4,34,ambassador,22,0.066,12677,2026-03-21T00:00:00Z,2026-04-22T11:30:00Z
66,1,48,organic,31,0.086,30256,2026-03-30T01:00:00Z,2026-04-23T13:30:00Z
67,9,63,organic,35,0.046,6366,2026-01-30T23:00:00Z,2026-04-24T03:30:00Z
68,6,383,ambassador,17,0.054,51671,2026-01-14T07:00:00Z,2026-05-01T06:30:00Z
69,4,379,sponsored,3,0.074,4264,2026-02-19T12:00:00Z,2026-04-30T18:30:00Z
70,9,424,sponsored,9,0.060,38995,2026-02-08T22:00:00Z,2026-04-30T10:30:00Z
71,14,19,ambassador,1,0.076,5542,2026-01-20T15:00:00Z,2026-04-19T11:30:00Z
72,6,117,sponsored,32,0.088,18910,2026-01-31T20:00:00Z,2026-05-04T04:30:00Z
73,5,139,sponsored,31,0.070,31242,2026-02-19T05:00:00Z,2026-04-30T16:30:00Z
74,13,96,organic,34,0.058,21126,2026-03-20T17:00:00Z,2026-04-18T18:30:00Z
75,6,142,organic,20,0.040,20044,2026-03-26T09:00:00Z,2026-05-01T15:30:00Z
76,15,378,organic,24,0.093,21998,2026-02-08T17:00:00Z,2026-04-16T11:30:00Z
77,11,41,ambassador,25,0.032,10712,2026-03-03T00:00:00Z,2026-04-27T15:30:00Z
78,13,56,organic,8,0.024,10240,2026-03-16T18:00:00Z,2026-04-21T19:30:00Z
79,5,448,organic,4,0.079,34958,2026-03-09T06:00:00Z,2026-04-30T11:30:00Z
80,13,360,organic,4,0.037,17505,2026-03-17T00:00:00Z,2026-04-26T07:30:00Z
81,11,56,affiliate,18,0.093,27382,2026-03-23T10:00:00Z,2026-05-01T03:30:00Z
82,15,190,affiliate,23,0.037,21659,2026-02-18T00:00:00Z,2026-04-28T13:30:00Z
83,5,165,organic,13,0.054,44219,2026-01-27T08:00:00Z,2026-04-29T09:30:00Z
84,1,70,sponsored,27,0.051,32757,2026-02-10T11:00:00Z,2026-05-05T04:30:00Z
85,1,150,ambassador,18,0.087,22826,2026-03-02T23:00:00Z,2026-04-19T16:30:00Z
86,1,85,organic,9,0.047,8254,2026-01-21T04:00:00Z,2026-04-29T06:30:00Z
87,5,6,organic,27,0.051,40497,2026-02-21T18:00:00Z,2026-04-18T14:30:00Z
88,3,444,ambassador,23,0.033,14362,2026-01-19T10:00:00Z,2026-04-15T18:30:00Z
89,3,421,organic,15,0.091,1749,2026-01-28T05:00:00Z,2026-04-26T10:30:00Z
90,12,121,organic,13,0.067,44608,2026-02-08T13:00:00Z,2026-04-21T12:30:00Z
91,9,12,organic,9,0.062,21624,2026-03-06T17:00:00Z,2026-05-03T16:30:00Z
92,4,386,ambassador,38,0.048,43175,2026-02-16T07:00:00Z,2026-05-02T00:30:00Z
93,13,386,ambassador,6,0.066,18479,2026-03-18T17:00:00Z,2026-04-16T16:30:00Z
94,12,142,ambassador,1,0.023,3650,2026-02-15T11:00:00Z,2026-04-22T18:30:00Z
95,5,366,ambassador,14,0.087,18171,2026-02-04T17:00:00Z,2026-04-21T23:30:00Z
96,2,395,affiliate,20,0.059,17931,2026-01-12T07:00:00Z,2026-04-14T18:30:00Z
97,8,162,sponsored,16,0.034,18626,2026-02-04T03:00:00Z,2026-05-02T23:30:00Z
98,13,321,ambassador,29,0.081,36274,2026-02-04T22:00:00Z,2026-04-25T02:30:00Z
99,14,186,organic,36,0.083,51896,2026-01-23T06:00:00Z,2026-04-20T07:30:00Z
100,9,10,organic,24,0.087,29684,2026-02-13T21:00:00Z,2026-04-18T07:30:00Z
101,1,237,ambassador,23,0.074,40612,2026-03-29T16:00:00Z,2026-05-04T06:30:00Z
102,5,154,organic,19,0.065,37064,2026-02-03T23:00:00Z,2026-04-30T11:30:00Z
103,9,19,affiliate,26,0.032,14217,2026-02-02T06:00:00Z,2026-04-30T00:30:00Z
104,9,328,ambassador,13,0.036,19220,2026-02-28T16:00:00Z,2026-05-02T22:30:00Z
105,1,232,organic,4,0.040,25328,2026-01-14T08:00:00Z,2026-04-26T21:30:00Z
106,15,119,organic,27,0.038,48206,2026-02-27T06:00:00Z,2026-04-23T01:30:00Z
107,7,396,affiliate,4,0.039,46349,2026-01-13T19:00:00Z,2026-05-01T20:30:00Z
108,11,413,organic,26,0.078,8674,2026-02-22T22:00:00Z,2026-04-21T04:30:00Z
109,9,133,affiliate,16,0.078,42704,2026-02-05T20:00:00Z,2026-05-04T00:30:00Z
110,1,157,organic,20,0.072,48625,2026-02-15T07:00:00Z,2026-04-20T03:30:00Z
111,4,361,sponsored,38,0.064,14791,2026-01-22T02:00:00Z,2026-04-30T22:30:00Z
112,7,18,organic,20,0.028,42806,2026-02-02T03:00:00Z,2026-04-26T10:30:00Z
113,1,151,organic,36,0.085,11222,2026-03-05T03:00:00Z,2026-05-02T20:30:00Z
114,6,34,organic,2,0.069,10358,2026-03-17T17:00:00Z,2026-04-25T03:30:00Z
115,8,146,organic,35,0.065,22654,2026-03-03T06:00:00Z,2026-04-21T05:30:00Z
116,11,83,organic,27,0.035,26637,2026-03-28T06:00:00Z,2026-05-01T10:30:00Z
117,1,435,organic,23,0.026,34364,2026-01-14T19:00:00Z,2026-05-03T19:30:00Z
118,2,380,organic,15,0.078,27391,2026-01-16T08:00:00Z,2026-04-21T01:30:00Z
119,1,431,organic,32,0.078,5266,2026-02-06T06:00:00Z,2026-05-03T14:30:00Z
120,9,246,ambassador,10,0.050,21852,2026-02-17T14:00:00Z,2026-05-04T11:30:00Z
121,1,298,sponsored,26,0.042,37286,2026-03-14T22:00:00Z,2026-04-26T13:30:00Z
122,7,74,ambassador,16,0.028,21155,2026-03-12T11:00:00Z,2026-04-16T06:30:00Z
123,14,177,sponsored,15,0.076,33170,2026-02-27T05:00:00Z,2026-05-02T00:30:00Z
124,11,411,competitor_mention,23,0.055,27018,2026-03-10T02:00:00Z,2026-05-03T01:30:00Z
125,11,268,organic,38,0.084,45309,2026-02-06T05:00:00Z,2026-04-22T20:30:00Z
126,14,404,ambassador,16,0.094,13816,2026-01-15T00:00:00Z,2026-05-03T12:30:00Z
127,3,392,ambassador,32,0.040,48007,2026-01-23T11:00:00Z,2026-04-30T13:30:00Z
128,14,184,organic,32,0.052,5567,2026-01-18T15:00:00Z,2026-04-18T07:30:00Z
129,6,150,organic,1,0.068,16922,2026-02-26T08:00:00Z,2026-05-02T20:30:00Z
130,7,341,organic,1,0.066,16013,2026-02-20T10:00:00Z,2026-04-21T21:30:00Z
131,13,423,organic,19,0.019,15371,2026-02-21T18:00:00Z,2026-04-29T23:30:00Z
132,14,456,organic,15,0.061,21843,2026-03-04T07:00:00Z,2026-04-27T22:30:00Z
133,15,347,ambassador,32,0.082,34872,2026-03-12T11:00:00Z,2026-04-19T23:30:00Z
134,15,103,organic,2,0.021,3201,2026-01-24T13:00:00Z,2026-05-02T16:30:00Z
135,6,258,ambassador,3,0.051,29726,2026-01-16T15:00:00Z,2026-05-02T17:30:00Z
136,9,42,sponsored,19,0.031,24829,2026-01-30T06:00:00Z,2026-04-22T14:30:00Z
137,1,261,sponsored,3,0.052,9660,2026-02-27T08:00:00Z,2026-04-30T17:30:00Z
138,7,270,organic,35,0.068,31539,2026-03-23T03:00:00Z,2026-04-29T01:30:00Z
139,5,325,ambassador,16,0.087,4441,2026-02-21T08:00:00Z,2026-04-23T04:30:00Z
140,12,152,organic,19,0.032,34109,2026-03-13T02:00:00Z,2026-04-17T18:30:00Z
141,3,169,organic,16,0.078,28883,2026-01-24T00:00:00Z,2026-04-23T15:30:00Z
142,10,267,sponsored,17,0.073,3483,2026-03-27T17:00:00Z,2026-04-24T14:30:00Z
143,13,160,ambassador,11,0.048,48012,2026-03-03T16:00:00Z,2026-04-23T19:30:00Z
144,14,121,organic,32,0.024,8835,2026-02-27T18:00:00Z,2026-04-16T15:30:00Z
145,10,39,organic,24,0.060,36043,2026-02-16T20:00:00Z,2026-04-21T14:30:00Z
146,2,325,organic,27,0.085,5465,2026-01-14T11:00:00Z,2026-04-22T15:30:00Z
147,12,461,organic,10,0.060,47854,2026-03-31T03:00:00Z,2026-04-21T19:30:00Z
148,5,142,ambassador,8,0.025,35495,2026-03-02T16:00:00Z,2026-04-14T18:30:00Z
149,1,110,organic,7,0.081,31179,2026-02-28T07:00:00Z,2026-04-15T18:30:00Z
150,10,23,ambassador,6,0.034,30023,2026-03-18T04:00:00Z,2026-04-29T05:30:00Z
151,9,383,organic,13,0.047,46857,2026-02-21T10:00:00Z,2026-04-23T06:30:00Z
152,3,447,organic,14,0.058,51696,2026-03-13T12:00:00Z,2026-04-17T20:30:00Z
153,4,53,organic,26,0.040,16028,2026-02-08T07:00:00Z,2026-04-29T19:30:00Z
154,10,412,organic,12,0.069,26445,2026-02-24T08:00:00Z,2026-04-19T14:30:00Z
155,1,173,affiliate,21,0.054,23578,2026-03-03T18:00:00Z,2026-04-26T12:30:00Z
156,15,317,organic,20,0.021,38296,2026-01-17T01:00:00Z,2026-05-01T21:30:00Z
157,9,242,organic,33,0.029,50906,2026-02-09T18:00:00Z,2026-04-17T17:30:00Z
158,9,459,organic,38,0.075,1105,2026-02-17T19:00:00Z,2026-04-26T03:30:00Z
159,15,95,affiliate,15,0.030,35672,2026-02-03T04:00:00Z,2026-04-28T17:30:00Z
160,14,258,organic,22,0.053,5210,2026-03-15T01:00:00Z,2026-04-26T12:30:00Z
161,6,106,sponsored,29,0.056,35573,2026-03-21T05:00:00Z,2026-04-30T17:30:00Z
162,15,458,organic,5,0.036,31176,2026-03-19T09:00:00Z,2026-04-17T02:30:00Z
163,9,443,sponsored,17,0.083,12948,2026-02-08T19:00:00Z,2026-04-16T02:30:00Z
164,9,288,organic,18,0.019,22292,2026-03-29T20:00:00Z,2026-05-04T15:30:00Z
165,15,442,organic,5,0.093,25582,2026-01-29T17:00:00Z,2026-04-27T19:30:00Z
166,5,274,affiliate,16,0.034,8674,2026-03-19T06:00:00Z,2026-04-30T23:30:00Z
167,8,425,ambassador,4,0.083,34897,2026-03-08T22:00:00Z,2026-05-02T09:30:00Z
168,12,64,competitor_mention,1,0.028,13535,2026-03-03T15:00:00Z,2026-05-04T15:30:00Z
169,15,55,ambassador,33,0.052,48539,2026-03-09T07:00:00Z,2026-05-02T15:30:00Z
170,9,121,ambassador,5,0.059,5821,2026-03-17T06:00:00Z,2026-04-17T19:30:00Z
171,6,1,ambassador,4,0.069,46756,2026-03-09T22:00:00Z,2026-05-02T21:30:00Z
172,6,251,organic,7,0.054,7438,2026-03-18T06:00:00Z,2026-04-25T07:30:00Z
173,7,303,organic,25,0.079,14443,2026-02-22T03:00:00Z,2026-04-23T15:30:00Z
174,13,79,organic,25,0.070,21865,2026-01-24T00:00:00Z,2026-04-30T07:30:00Z
175,14,143,organic,32,0.042,23007,2026-03-19T18:00:00Z,2026-05-02T17:30:00Z
176,10,1,organic,37,0.070,21776,2026-01-17T15:00:00Z,2026-04-28T11:30:00Z
177,13,421,organic,37,0.037,25947,2026-03-13T13:00:00Z,2026-05-04T00:30:00Z
178,15,359,ambassador,9,0.050,26706,2026-01-26T01:00:00Z,2026-04-19T03:30:00Z
179,11,266,organic,20,0.077,39695,2026-03-18T18:00:00Z,2026-04-22T18:30:00Z
180,1,94,sponsored,36,0.085,37898,2026-03-31T06:00:00Z,2026-04-25T07:30:00Z
181,8,215,organic,34,0.020,14569,2026-02-18T21:00:00Z,2026-04-21T15:30:00Z
182,4,214,ambassador,25,0.075,21126,2026-03-18T11:00:00Z,2026-04-27T11:30:00Z
183,5,275,organic,8,0.078,37130,2026-02-15T09:00:00Z,2026-04-15T00:30:00Z
184,15,206,ambassador,23,0.088,23088,2026-03-21T01:00:00Z,2026-04-19T18:30:00Z
185,9,170,organic,10,0.087,16795,2026-02-07T18:00:00Z,2026-05-02T08:30:00Z
186,13,1,organic,35,0.051,40883,2026-02-27T09:00:00Z,2026-04-28T00:30:00Z
187,6,276,ambassador,2,0.040,20230,2026-02-12T05:00:00Z,2026-04-20T14:30:00Z
188,12,325,organic,30,0.074,48046,2026-03-14T08:00:00Z,2026-05-05T13:30:00Z
189,13,134,sponsored,7,0.022,12515,2026-03-15T08:00:00Z,2026-05-03T23:30:00Z
190,8,254,organic,5,0.070,33040,2026-03-06T14:00:00Z,2026-04-27T04:30:00Z
191,12,153,sponsored,28,0.069,9494,2026-02-04T01:00:00Z,2026-04-26T14:30:00Z
192,4,127,organic,1,0.091,5537,2026-03-12T21:00:00Z,2026-04-17T06:30:00Z
193,2,139,organic,1,0.050,38924,2026-02-02T20:00:00Z,2026-04-21T10:30:00Z
194,3,265,organic,19,0.069,16776,2026-02-09T05:00:00Z,2026-04-27T10:30:00Z
195,13,371,ambassador,29,0.073,11282,2026-01-29T08:00:00Z,2026-04-15T11:30:00Z
196,8,403,organic,11,0.065,12654,2026-03-03T00:00:00Z,2026-04-29T15:30:00Z
197,6,458,ambassador,13,0.032,10164,2026-03-23T04:00:00Z,2026-04-16T08:30:00Z
198,5,419,organic,13,0.023,38070,2026-02-02T23:00:00Z,2026-05-01T19:30:00Z
199,11,43,organic,20,0.041,33699,2026-01-15T06:00:00Z,2026-05-02T02:30:00Z
200,13,178,organic,34,0.073,10049,2026-01-18T03:00:00Z,2026-05-04T22:30:00Z
201,15,30,ambassador,32,0.078,41094,2026-02-05T01:00:00Z,2026-04-20T16:30:00Z
202,11,4,organic,36,0.043,10245,2026-02-12T21:00:00Z,2026-04-19T12:30:00Z
203,1,117,sponsored,13,0.079,22102,2026-03-16T05:00:00Z,2026-04-29T10:30:00Z
204,3,208,organic,23,0.036,13693,2026-03-15T05:00:00Z,2026-04-26T12:30:00Z
205,14,113,affiliate,24,0.053,4412,2026-03-23T12:00:00Z,2026-05-01T14:30:00Z
206,10,322,organic,34,0.052,6811,2026-01-22T03:00:00Z,2026-04-27T19:30:00Z
207,13,255,sponsored,23,0.048,6364,2026-02-14T23:00:00Z,2026-04-29T10:30:00Z
208,7,240,organic,31,0.051,16414,2026-03-16T07:00:00Z,2026-04-15T11:30:00Z
209,6,348,competitor_mention,9,0.026,10167,2026-02-01T22:00:00Z,2026-04-21T13:30:00Z
210,11,251,organic,31,0.045,11231,2026-02-17T16:00:00Z,2026-05-04T18:30:00Z
211,3,287,organic,19,0.035,42938,2026-03-02T02:00:00Z,2026-04-22T19:30:00Z
212,11,192,ambassador,34,0.060,11894,2026-01-30T23:00:00Z,2026-04-26T11:30:00Z
213,8,66,sponsored,22,0.089,46831,2026-02-24T05:00:00Z,2026-04-22T20:30:00Z
214,11,176,sponsored,32,0.070,27852,2026-03-31T10:00:00Z,2026-05-05T05:30:00Z
215,12,418,organic,17,0.042,22383,2026-01-23T07:00:00Z,2026-05-04T00:30:00Z
216,10,172,ambassador,17,0.058,6849,2026-03-29T08:00:00Z,2026-04-23T21:30:00Z
217,14,268,organic,4,0.025,24057,2026-01-16T09:00:00Z,2026-05-01T20:30:00Z
218,3,349,organic,20,0.034,40281,2026-03-01T20:00:00Z,2026-04-24T04:30:00Z
219,2,32,affiliate,5,0.058,9845,2026-03-07T01:00:00Z,2026-04-27T01:30:00Z
220,14,211,ambassador,1,0.028,23623,2026-03-28T13:00:00Z,2026-05-02T18:30:00Z
221,8,267,organic,2,0.029,10166,2026-02-03T02:00:00Z,2026-04-28T12:30:00Z
222,6,425,ambassador,35,0.086,19106,2026-03-23T04:00:00Z,2026-04-26T20:30:00Z
223,2,123,organic,6,0.072,32577,2026-02-28T04:00:00Z,2026-04-26T17:30:00Z
224,4,102,organic,9,0.070,14738,2026-02-13T19:00:00Z,2026-05-02T15:30:00Z
225,10,374,ambassador,8,0.088,36668,2026-03-18T17:00:00Z,2026-05-05T16:30:00Z
226,10,4,organic,37,0.081,46351,2026-03-20T23:00:00Z,2026-05-01T11:30:00Z
227,5,406,organic,28,0.077,11965,2026-02-17T20:00:00Z,2026-04-22T18:30:00Z
228,10,208,affiliate,25,0.066,39163,2026-02-04T20:00:00Z,2026-04-25T09:30:00Z
229,14,309,organic,19,0.057,37174,2026-03-21T22:00:00Z,2026-04-29T13:30:00Z
230,4,208,organic,5,0.046,11647,2026-02-17T17:00:00Z,2026-04-17T20:30:00Z
231,9,218,affiliate,6,0.063,49875,2026-02-13T20:00:00Z,2026-05-03T12:30:00Z
232,3,70,ambassador,7,0.053,50985,2026-02-27T17:00:00Z,2026-04-30T12:30:00Z
233,4,151,organic,36,0.021,33871,2026-02-04T18:00:00Z,2026-04-23T21:30:00Z
234,6,312,affiliate,38,0.040,24941,2026-03-18T13:00:00Z,2026-05-01T10:30:00Z
235,15,210,ambassador,32,0.055,46630,2026-01-27T06:00:00Z,2026-05-05T12:30:00Z
236,8,106,ambassador,27,0.057,19937,2026-03-26T12:00:00Z,2026-04-25T05:30:00Z
237,10,178,organic,35,0.061,17464,2026-02-26T15:00:00Z,2026-04-27T17:30:00Z
238,1,265,organic,20,0.033,41021,2026-03-04T20:00:00Z,2026-04-24T03:30:00Z
239,9,131,organic,26,0.053,38847,2026-03-27T18:00:00Z,2026-04-26T00:30:00Z
240,8,43,affiliate,9,0.035,42332,2026-03-16T00:00:00Z,2026-04-20T07:30:00Z
241,7,253,organic,20,0.075,8376,2026-03-22T01:00:00Z,2026-04-18T11:30:00Z
242,10,405,sponsored,26,0.065,10138,2026-02-10T17:00:00Z,2026-04-29T15:30:00Z
243,2,243,affiliate,2,0.090,27624,2026-03-20T23:00:00Z,2026-04-27T15:30:00Z
244,2,375,ambassador,8,0.077,35266,2026-01-31T21:00:00Z,2026-04-29T21:30:00Z
245,2,227,sponsored,22,0.044,45727,2026-02-09T17:00:00Z,2026-04-30T12:30:00Z
246,15,364,affiliate,11,0.029,38067,2026-01-22T21:00:00Z,2026-04-19T06:30:00Z
247,5,147,ambassador,1,0.048,24929,2026-03-26T12:00:00Z,2026-05-01T09:30:00Z
248,7,424,organic,22,0.066,26567,2026-02-20T21:00:00Z,2026-04-27T09:30:00Z
249,14,126,organic,30,0.056,3424,2026-01-14T00:00:00Z,2026-04-15T10:30:00Z
250,2,272,organic,10,0.028,29098,2026-03-19T03:00:00Z,2026-04-24T04:30:00Z
251,6,65,organic,2,0.086,3047,2026-02-22T16:00:00Z,2026-04-17T12:30:00Z
252,4,165,organic,17,0.026,42855,2026-01-14T18:00:00Z,2026-05-03T11:30:00Z
253,3,240,organic,9,0.047,47733,2026-03-14T02:00:00Z,2026-05-01T11:30:00Z
254,11,2,organic,37,0.074,9852,2026-02-22T13:00:00Z,2026-05-04T14:30:00Z
255,2,408,organic,25,0.060,19744,2026-01-21T00:00:00Z,2026-04-18T14:30:00Z
256,12,42,organic,17,0.073,28445,2026-03-23T17:00:00Z,2026-04-30T10:30:00Z
257,4,284,organic,14,0.028,7466,2026-02-06T18:00:00Z,2026-04-15T18:30:00Z
258,14,251,organic,4,0.030,45909,2026-02-03T03:00:00Z,2026-04-23T20:30:00Z
259,11,364,sponsored,18,0.034,1245,2026-03-13T00:00:00Z,2026-04-23T08:30:00Z
260,5,38,organic,22,0.087,39137,2026-03-05T17:00:00Z,2026-04-26T05:30:00Z
261,6,224,organic,5,0.056,9489,2026-03-15T22:00:00Z,2026-04-26T11:30:00Z
262,1,454,sponsored,6,0.046,15583,2026-03-12T09:00:00Z,2026-04-15T23:30:00Z
263,12,323,organic,26,0.066,36784,2026-02-11T15:00:00Z,2026-04-20T23:30:00Z
264,2,109,organic,21,0.085,14765,2026-01-11T20:00:00Z,2026-04-22T15:30:00Z
265,7,415,organic,28,0.042,7471,2026-03-30T15:00:00Z,2026-04-18T04:30:00Z
266,15,185,competitor_mention,22,0.044,12448,2026-02-27T04:00:00Z,2026-04-26T16:30:00Z
267,1,313,organic,21,0.026,20954,2026-01-16T02:00:00Z,2026-04-28T04:30:00Z
268,3,367,ambassador,34,0.025,17161,2026-01-17T21:00:00Z,2026-04-15T15:30:00Z
269,9,400,sponsored,24,0.083,30332,2026-03-08T21:00:00Z,2026-04-29T16:30:00Z
270,8,11,organic,12,0.047,30524,2026-03-11T16:00:00Z,2026-04-23T06:30:00Z
271,11,344,ambassador,7,0.043,37080,2026-01-30T19:00:00Z,2026-04-20T11:30:00Z
272,6,450,organic,35,0.043,22747,2026-01-31T16:00:00Z,2026-04-25T18:30:00Z
273,11,439,organic,20,0.049,1008,2026-02-05T22:00:00Z,2026-04-26T16:30:00Z
274,4,352,ambassador,4,0.049,45288,2026-02-23T00:00:00Z,2026-04-19T17:30:00Z
275,1,285,ambassador,36,0.090,32910,2026-03-20T07:00:00Z,2026-04-22T22:30:00Z
276,7,236,ambassador,9,0.087,26195,2026-03-10T04:00:00Z,2026-04-21T19:30:00Z
277,3,98,organic,33,0.073,48765,2026-01-16T03:00:00Z,2026-04-23T23:30:00Z
278,6,292,organic,24,0.025,15227,2026-02-26T15:00:00Z,2026-04-22T18:30:00Z
279,7,361,competitor_mention,30,0.025,6698,2026-03-28T08:00:00Z,2026-05-02T10:30:00Z
280,15,77,sponsored,36,0.025,51599,2026-03-26T10:00:00Z,2026-05-02T21:30:00Z
281,11,124,organic,17,0.059,19036,2026-02-18T14:00:00Z,2026-04-16T21:30:00Z
282,5,78,organic,24,0.067,28695,2026-01-26T23:00:00Z,2026-04-17T16:30:00Z
283,3,365,ambassador,18,0.032,36669,2026-01-29T21:00:00Z,2026-04-28T18:30:00Z
284,15,199,organic,1,0.040,22578,2026-03-20T02:00:00Z,2026-04-24T04:30:00Z
285,2,245,sponsored,13,0.021,44543,2026-01-24T22:00:00Z,2026-05-01T15:30:00Z
286,7,6,ambassador,12,0.075,9334,2026-01-17T01:00:00Z,2026-04-20T22:30:00Z
287,3,277,organic,5,0.051,32663,2026-02-09T12:00:00Z,2026-04-30T10:30:00Z
288,5,73,organic,30,0.066,43028,2026-03-26T22:00:00Z,2026-04-30T06:30:00Z
289,11,249,organic,32,0.071,46271,2026-01-13T22:00:00Z,2026-04-30T06:30:00Z
290,7,456,ambassador,9,0.022,35259,2026-03-03T14:00:00Z,2026-05-01T19:30:00Z
291,11,182,ambassador,1,0.060,27808,2026-02-09T19:00:00Z,2026-04-28T09:30:00Z
292,13,104,competitor_mention,17,0.084,49598,2026-01-17T16:00:00Z,2026-04-17T22:30:00Z
293,8,332,competitor_mention,28,0.065,4715,2026-01-14T04:00:00Z,2026-04-22T22:30:00Z
294,4,200,organic,10,0.088,9389,2026-02-19T11:00:00Z,2026-05-02T23:30:00Z
295,11,152,organic,6,0.033,3817,2026-02-14T09:00:00Z,2026-04-30T09:30:00Z
296,10,290,organic,4,0.033,49967,2026-03-16T11:00:00Z,2026-04-23T00:30:00Z
297,9,370,sponsored,23,0.069,48265,2026-02-07T13:00:00Z,2026-05-01T05:30:00Z
298,4,84,organic,34,0.023,48804,2026-03-28T20:00:00Z,2026-04-21T02:30:00Z
299,14,300,ambassador,34,0.052,36804,2026-03-23T19:00:00Z,2026-05-03T03:30:00Z
300,12,201,organic,22,0.038,22212,2026-01-20T17:00:00Z,2026-04-23T08:30:00Z
301,10,26,ambassador,14,0.043,31149,2026-02-17T22:00:00Z,2026-04-28T12:30:00Z
302,14,77,ambassador,27,0.030,3567,2026-03-29T19:00:00Z,2026-04-25T07:30:00Z
303,15,216,organic,4,0.067,26735,2026-02-05T22:00:00Z,2026-04-23T22:30:00Z
304,10,381,affiliate,34,0.028,24235,2026-01-30T23:00:00Z,2026-04-16T09:30:00Z
305,5,290,competitor_mention,29,0.018,17580,2026-02-14T12:00:00Z,2026-04-19T13:30:00Z
306,11,365,sponsored,35,0.035,6486,2026-01-11T19:00:00Z,2026-04-19T06:30:00Z
307,6,69,organic,24,0.087,31071,2026-03-03T02:00:00Z,2026-04-23T06:30:00Z
308,6,179,organic,25,0.042,21463,2026-03-31T15:00:00Z,2026-05-02T13:30:00Z
309,10,399,affiliate,26,0.036,12556,2026-03-07T06:00:00Z,2026-04-21T04:30:00Z
310,12,47,competitor_mention,17,0.077,11522,2026-03-23T09:00:00Z,2026-04-24T18:30:00Z
311,10,372,organic,26,0.067,19969,2026-02-19T02:00:00Z,2026-05-04T22:30:00Z
312,6,334,organic,4,0.093,26377,2026-03-17T07:00:00Z,2026-04-22T22:30:00Z
313,2,430,ambassador,28,0.059,24652,2026-03-26T18:00:00Z,2026-05-03T03:30:00Z
314,15,85,organic,30,0.026,13130,2026-01-16T00:00:00Z,2026-04-18T11:30:00Z
315,13,158,ambassador,13,0.063,20400,2026-02-20T17:00:00Z,2026-04-28T15:30:00Z
316,6,239,organic,8,0.057,1705,2026-01-18T15:00:00Z,2026-04-30T20:30:00Z
317,9,344,organic,34,0.089,11611,2026-01-22T22:00:00Z,2026-04-14T17:30:00Z
318,14,248,ambassador,3,0.068,23366,2026-02-26T12:00:00Z,2026-04-24T15:30:00Z
319,15,341,competitor_mention,4,0.031,44962,2026-01-24T16:00:00Z,2026-05-04T17:30:00Z
320,1,46,organic,1,0.054,13669,2026-01-25T01:00:00Z,2026-05-04T14:30:00Z
321,3,317,organic,34,0.018,12360,2026-03-23T00:00:00Z,2026-04-24T00:30:00Z
322,1,140,organic,1,0.065,24043,2026-03-13T06:00:00Z,2026-05-01T16:30:00Z
323,3,337,sponsored,35,0.058,23779,2026-02-15T12:00:00Z,2026-04-30T15:30:00Z
324,14,273,sponsored,6,0.057,47329,2026-02-05T12:00:00Z,2026-04-15T01:30:00Z
325,9,311,organic,14,0.022,46718,2026-01-18T02:00:00Z,2026-04-29T12:30:00Z
326,7,354,affiliate,15,0.082,35371,2026-03-12T13:00:00Z,2026-05-05T10:30:00Z
327,6,387,ambassador,2,0.033,46605,2026-02-04T17:00:00Z,2026-05-01T18:30:00Z
328,6,218,ambassador,20,0.069,43006,2026-01-30T08:00:00Z,2026-04-25T01:30:00Z
329,14,441,organic,5,0.061,13885,2026-01-12T05:00:00Z,2026-05-01T17:30:00Z
330,13,455,organic,29,0.031,18206,2026-02-22T09:00:00Z,2026-04-22T07:30:00Z
331,2,67,organic,7,0.034,30409,2026-02-04T10:00:00Z,2026-04-16T22:30:00Z
332,1,210,sponsored,2,0.045,32342,2026-03-04T15:00:00Z,2026-04-22T09:30:00Z
333,1,291,ambassador,37,0.070,17538,2026-03-12T02:00:00Z,2026-04-27T06:30:00Z
334,5,25,sponsored,36,0.082,40680,2026-03-09T00:00:00Z,2026-04-21T07:30:00Z
335,3,114,organic,35,0.089,4774,2026-02-20T15:00:00Z,2026-05-05T15:30:00Z
336,15,263,sponsored,20,0.045,42458,2026-01-13T20:00:00Z,2026-04-21T18:30:00Z
337,11,109,organic,21,0.047,18528,2026-02-16T02:00:00Z,2026-05-01T01:30:00Z
338,9,105,organic,3,0.035,49895,2026-02-10T21:00:00Z,2026-04-27T11:30:00Z
339,8,142,ambassador,30,0.059,28946,2026-03-25T22:00:00Z,2026-05-04T04:30:00Z
340,6,189,ambassador,13,0.054,6793,2026-02-10T14:00:00Z,2026-05-01T21:30:00Z
341,2,190,organic,13,0.061,10696,2026-03-10T12:00:00Z,2026-04-20T00:30:00Z
342,6,214,sponsored,38,0.070,40608,2026-03-02T15:00:00Z,2026-05-02T06:30:00Z
343,6,429,ambassador,25,0.090,43461,2026-03-14T12:00:00Z,2026-04-20T08:30:00Z
344,6,31,competitor_mention,21,0.019,42085,2026-02-11T18:00:00Z,2026-04-22T11:30:00Z
345,6,170,ambassador,32,0.048,44317,2026-03-06T09:00:00Z,2026-04-22T20:30:00Z
346,12,388,organic,27,0.043,42128,2026-03-31T23:00:00Z,2026-04-25T01:30:00Z
347,6,323,organic,18,0.026,7237,2026-03-05T15:00:00Z,2026-04-25T12:30:00Z
348,13,224,sponsored,26,0.034,6378,2026-01-23T13:00:00Z,2026-05-03T23:30:00Z
349,4,266,sponsored,25,0.072,23379,2026-02-11T18:00:00Z,2026-05-04T12:30:00Z
350,9,177,organic,3,0.029,49680,2026-01-14T17:00:00Z,2026-05-04T19:30:00Z
351,11,339,organic,25,0.027,20827,2026-03-10T23:00:00Z,2026-05-03T13:30:00Z
352,5,247,organic,16,0.086,30355,2026-03-23T09:00:00Z,2026-04-26T07:30:00Z
353,2,396,ambassador,32,0.033,26496,2026-02-28T14:00:00Z,2026-04-23T23:30:00Z
354,6,459,ambassador,32,0.025,47058,2026-03-09T14:00:00Z,2026-04-15T20:30:00Z
355,1,230,organic,29,0.091,24878,2026-02-01T19:00:00Z,2026-04-29T19:30:00Z
356,10,283,organic,29,0.044,5534,2026-01-17T05:00:00Z,2026-04-29T15:30:00Z
357,11,73,affiliate,3,0.090,7434,2026-03-10T07:00:00Z,2026-04-24T14:30:00Z
358,10,327,organic,11,0.049,4190,2026-02-24T02:00:00Z,2026-04-23T16:30:00Z
359,5,254,affiliate,12,0.059,48093,2026-03-15T12:00:00Z,2026-04-18T23:30:00Z
360,7,401,organic,29,0.034,23129,2026-02-07T10:00:00Z,2026-04-24T09:30:00Z
361,14,310,organic,25,0.037,24751,2026-01-22T20:00:00Z,2026-05-05T07:30:00Z
362,11,206,organic,22,0.052,21683,2026-02-26T16:00:00Z,2026-04-14T19:30:00Z
363,7,76,organic,26,0.077,21896,2026-03-02T15:00:00Z,2026-04-22T03:30:00Z
364,2,301,sponsored,23,0.036,46295,2026-01-18T03:00:00Z,2026-04-27T14:30:00Z
365,5,279,sponsored,4,0.071,34699,2026-03-29T12:00:00Z,2026-05-03T08:30:00Z
366,11,280,organic,34,0.050,47881,2026-01-28T19:00:00Z,2026-05-01T06:30:00Z
367,2,314,organic,6,0.066,37649,2026-02-24T06:00:00Z,2026-04-22T05:30:00Z
368,1,96,organic,15,0.036,33563,2026-03-26T20:00:00Z,2026-04-25T04:30:00Z
369,3,185,competitor_mention,26,0.088,39432,2026-03-06T06:00:00Z,2026-04-29T14:30:00Z
370,1,373,organic,7,0.052,33118,2026-01-29T18:00:00Z,2026-04-27T16:30:00Z
371,6,306,ambassador,31,0.090,42489,2026-01-19T15:00:00Z,2026-04-24T18:30:00Z
372,2,358,ambassador,2,0.022,5152,2026-01-26T06:00:00Z,2026-04-24T22:30:00Z
373,13,242,organic,17,0.039,9721,2026-03-16T03:00:00Z,2026-04-24T10:30:00Z
374,12,237,organic,2,0.092,7915,2026-02-19T13:00:00Z,2026-04-18T23:30:00Z
375,14,308,affiliate,36,0.045,14152,2026-02-13T17:00:00Z,2026-05-01T06:30:00Z
376,8,85,sponsored,1,0.076,17101,2026-01-14T19:00:00Z,2026-04-30T04:30:00Z
377,9,406,competitor_mention,32,0.090,40142,2026-03-02T00:00:00Z,2026-05-01T22:30:00Z
378,10,209,affiliate,28,0.094,48280,2026-03-18T06:00:00Z,2026-04-29T20:30:00Z
379,12,12,sponsored,34,0.035,12815,2026-01-29T00:00:00Z,2026-04-22T23:30:00Z
380,6,53,ambassador,34,0.029,22612,2026-02-06T05:00:00Z,2026-04-18T06:30:00Z
381,14,193,organic,15,0.056,31544,2026-02-03T13:00:00Z,2026-04-26T15:30:00Z
382,15,15,ambassador,25,0.057,19701,2026-03-28T05:00:00Z,2026-04-28T16:30:00Z
383,10,96,organic,12,0.075,29003,2026-03-30T12:00:00Z,2026-04-19T13:30:00Z
384,6,295,ambassador,20,0.043,828,2026-01-12T05:00:00Z,2026-04-21T01:30:00Z
385,12,30,sponsored,8,0.024,37296,2026-01-25T14:00:00Z,2026-05-04T21:30:00Z
386,3,189,organic,29,0.065,51908,2026-03-05T11:00:00Z,2026-04-21T13:30:00Z
387,12,53,organic,20,0.083,7234,2026-01-25T08:00:00Z,2026-04-24T01:30:00Z
388,10,428,sponsored,27,0.094,41390,2026-01-23T07:00:00Z,2026-05-01T03:30:00Z
389,1,257,ambassador,28,0.028,33970,2026-02-14T17:00:00Z,2026-04-21T09:30:00Z
390,7,315,organic,31,0.039,42290,2026-02-02T12:00:00Z,2026-04-20T16:30:00Z
391,11,185,affiliate,18,0.032,18906,2026-01-16T05:00:00Z,2026-04-27T08:30:00Z
392,9,64,ambassador,4,0.023,47175,2026-01-29T22:00:00Z,2026-04-28T23:30:00Z
393,7,225,competitor_mention,27,0.043,34741,2026-03-14T10:00:00Z,2026-04-20T15:30:00Z
394,4,68,organic,33,0.028,28208,2026-03-24T12:00:00Z,2026-04-27T16:30:00Z
395,1,37,sponsored,35,0.069,6636,2026-01-18T18:00:00Z,2026-05-04T17:30:00Z
396,12,343,sponsored,21,0.039,21508,2026-02-27T08:00:00Z,2026-05-01T17:30:00Z
397,3,409,ambassador,1,0.045,21948,2026-03-29T07:00:00Z,2026-04-19T19:30:00Z
398,3,404,sponsored,35,0.042,35291,2026-03-20T23:00:00Z,2026-04-20T10:30:00Z
399,14,13,organic,36,0.084,28730,2026-01-14T11:00:00Z,2026-04-22T03:30:00Z
400,14,294,organic,30,0.062,34678,2026-01-26T07:00:00Z,2026-04-27T10:30:00Z
401,14,168,organic,14,0.028,7199,2026-02-06T06:00:00Z,2026-04-26T22:30:00Z
402,14,104,ambassador,30,0.086,50912,2026-01-15T02:00:00Z,2026-05-04T21:30:00Z
403,5,236,organic,22,0.053,8077,2026-01-25T17:00:00Z,2026-05-01T22:30:00Z
404,12,177,ambassador,2,0.059,24638,2026-03-11T14:00:00Z,2026-04-25T03:30:00Z
405,13,384,organic,6,0.045,33044,2026-02-02T03:00:00Z,2026-04-23T11:30:00Z
406,3,1,organic,7,0.071,31935,2026-02-25T12:00:00Z,2026-04-28T14:30:00Z
407,5,380,affiliate,19,0.055,32304,2026-01-21T07:00:00Z,2026-04-18T20:30:00Z
408,6,418,sponsored,1,0.048,16868,2026-01-19T18:00:00Z,2026-04-18T02:30:00Z
409,15,377,competitor_mention,36,0.045,13283,2026-01-30T11:00:00Z,2026-04-30T03:30:00Z
410,8,101,ambassador,31,0.076,19385,2026-02-20T00:00:00Z,2026-05-01T17:30:00Z
411,1,249,competitor_mention,24,0.087,23915,2026-03-25T11:00:00Z,2026-04-30T13:30:00Z
412,1,370,organic,20,0.055,5939,2026-01-21T06:00:00Z,2026-04-15T07:30:00Z
413,11,244,ambassador,23,0.028,46155,2026-03-02T18:00:00Z,2026-04-28T07:30:00Z
414,10,189,sponsored,17,0.037,48104,2026-03-22T19:00:00Z,2026-04-29T22:30:00Z
415,1,317,ambassador,37,0.033,47132,2026-03-09T01:00:00Z,2026-04-20T08:30:00Z
416,1,323,organic,14,0.039,9896,2026-03-16T15:00:00Z,2026-04-17T00:30:00Z
417,10,248,sponsored,13,0.062,25549,2026-01-31T04:00:00Z,2026-05-02T07:30:00Z
418,9,254,ambassador,19,0.050,29810,2026-03-16T10:00:00Z,2026-04-19T13:30:00Z
419,3,15,affiliate,26,0.089,43508,2026-02-13T20:00:00Z,2026-04-28T17:30:00Z
420,15,331,affiliate,18,0.034,17418,2026-02-21T12:00:00Z,2026-04-26T17:30:00Z
421,9,427,organic,26,0.055,32594,2026-01-29T08:00:00Z,2026-04-22T15:30:00Z
422,4,173,ambassador,2,0.073,31565,2026-03-25T09:00:00Z,2026-04-28T07:30:00Z
423,15,251,competitor_mention,12,0.071,24342,2026-01-28T06:00:00Z,2026-04-21T09:30:00Z
424,2,297,affiliate,35,0.055,26756,2026-01-17T14:00:00Z,2026-04-28T20:30:00Z
425,2,302,affiliate,31,0.026,43303,2026-02-05T23:00:00Z,2026-04-21T18:30:00Z
426,9,118,organic,37,0.085,18450,2026-01-25T17:00:00Z,2026-04-17T05:30:00Z
427,13,448,sponsored,23,0.027,39289,2026-01-19T02:00:00Z,2026-04-21T23:30:00Z
428,2,217,organic,36,0.083,48711,2026-02-11T06:00:00Z,2026-05-03T20:30:00Z
429,3,315,organic,2,0.074,13434,2026-03-19T17:00:00Z,2026-04-24T07:30:00Z
430,12,353,organic,2,0.047,51897,2026-03-12T02:00:00Z,2026-04-28T04:30:00Z
431,15,340,organic,17,0.025,20182,2026-03-14T21:00:00Z,2026-04-27T07:30:00Z
432,7,138,organic,15,0.060,8170,2026-03-02T09:00:00Z,2026-04-18T07:30:00Z
433,3,52,ambassador,34,0.043,42911,2026-02-13T05:00:00Z,2026-04-26T21:30:00Z
434,13,88,organic,5,0.029,23067,2026-03-10T03:00:00Z,2026-04-27T04:30:00Z
435,5,208,affiliate,38,0.023,15918,2026-02-22T23:00:00Z,2026-04-17T18:30:00Z
436,11,407,ambassador,19,0.044,7666,2026-01-12T15:00:00Z,2026-04-19T03:30:00Z
437,13,29,affiliate,10,0.022,48236,2026-01-26T18:00:00Z,2026-04-15T20:30:00Z
438,6,376,organic,21,0.040,15518,2026-03-03T16:00:00Z,2026-04-27T14:30:00Z
439,2,155,organic,14,0.080,25564,2026-03-18T03:00:00Z,2026-05-02T22:30:00Z
440,10,186,ambassador,36,0.019,45545,2026-03-09T01:00:00Z,2026-04-23T01:30:00Z
441,4,377,ambassador,27,0.064,13171,2026-03-18T14:00:00Z,2026-04-30T07:30:00Z
442,12,51,organic,18,0.071,48105,2026-02-14T12:00:00Z,2026-05-05T00:30:00Z
443,7,259,affiliate,37,0.073,33233,2026-03-21T11:00:00Z,2026-04-28T03:30:00Z
444,1,319,organic,2,0.023,17248,2026-01-20T05:00:00Z,2026-04-25T20:30:00Z
445,6,130,ambassador,21,0.073,36898,2026-03-11T19:00:00Z,2026-05-04T21:30:00Z
446,15,410,ambassador,30,0.085,37396,2026-03-29T11:00:00Z,2026-04-27T12:30:00Z
447,11,363,organic,36,0.091,32366,2026-01-31T06:00:00Z,2026-05-04T08:30:00Z
448,1,121,organic,22,0.071,32654,2026-03-28T22:00:00Z,2026-05-05T08:30:00Z
449,4,331,organic,18,0.046,16334,2026-03-22T19:00:00Z,2026-04-25T01:30:00Z
450,3,167,ambassador,37,0.025,13891,2026-02-08T11:00:00Z,2026-04-28T09:30:00Z
451,3,147,sponsored,33,0.023,38651,2026-02-07T07:00:00Z,2026-04-22T08:30:00Z
452,2,54,organic,17,0.038,24930,2026-03-05T01:00:00Z,2026-04-28T04:30:00Z
453,11,278,organic,29,0.087,37538,2026-02-26T05:00:00Z,2026-05-01T12:30:00Z
454,5,93,ambassador,25,0.044,23240,2026-02-05T13:00:00Z,2026-04-27T07:30:00Z
455,15,454,sponsored,30,0.047,8514,2026-03-03T14:00:00Z,2026-04-23T23:30:00Z
456,5,120,ambassador,9,0.034,42754,2026-02-28T11:00:00Z,2026-04-16T18:30:00Z
457,6,375,sponsored,27,0.037,25160,2026-03-19T10:00:00Z,2026-05-01T13:30:00Z
458,5,414,ambassador,21,0.038,16559,2026-03-11T01:00:00Z,2026-05-05T03:30:00Z
459,14,109,organic,6,0.057,12242,2026-03-19T10:00:00Z,2026-04-20T04:30:00Z
460,5,3,organic,35,0.044,38637,2026-01-15T14:00:00Z,2026-04-28T08:30:00Z
461,8,168,sponsored,4,0.038,34919,2026-03-02T11:00:00Z,2026-04-19T05:30:00Z
462,1,75,competitor_mention,22,0.089,46904,2026-01-19T18:00:00Z,2026-04-30T01:30:00Z
463,7,254,organic,7,0.042,48158,2026-02-25T00:00:00Z,2026-04-24T08:30:00Z
464,8,328,sponsored,18,0.070,44060,2026-02-19T15:00:00Z,2026-05-01T05:30:00Z
465,10,409,sponsored,18,0.053,36763,2026-03-29T23:00:00Z,2026-04-15T11:30:00Z
466,5,97,organic,32,0.031,46343,2026-02-18T22:00:00Z,2026-05-02T23:30:00Z
467,9,234,sponsored,29,0.075,13776,2026-03-28T20:00:00Z,2026-05-04T08:30:00Z
468,1,79,organic,12,0.029,34714,2026-02-19T07:00:00Z,2026-04-28T20:30:00Z
469,15,209,ambassador,36,0.055,46948,2026-03-23T02:00:00Z,2026-04-29T13:30:00Z
470,15,403,sponsored,21,0.066,47391,2026-03-04T01:00:00Z,2026-04-25T07:30:00Z
471,1,25,sponsored,31,0.057,26136,2026-03-27T19:00:00Z,2026-05-01T08:30:00Z
472,3,245,sponsored,7,0.063,50749,2026-03-21T15:00:00Z,2026-04-19T02:30:00Z
473,9,117,affiliate,11,0.023,22659,2026-03-13T21:00:00Z,2026-04-23T18:30:00Z
474,3,297,ambassador,19,0.027,46745,2026-02-24T14:00:00Z,2026-05-02T10:30:00Z
475,14,117,organic,12,0.020,26321,2026-02-20T00:00:00Z,2026-05-04T08:30:00Z
476,9,111,sponsored,32,0.022,47850,2026-02-15T10:00:00Z,2026-04-15T13:30:00Z
477,14,91,ambassador,19,0.027,42690,2026-02-21T13:00:00Z,2026-04-15T00:30:00Z
478,13,250,ambassador,14,0.067,51293,2026-03-06T21:00:00Z,2026-04-30T20:30:00Z
479,4,204,ambassador,2,0.021,39563,2026-02-04T01:00:00Z,2026-04-16T02:30:00Z
480,12,350,affiliate,7,0.048,38644,2026-03-17T19:00:00Z,2026-04-17T12:30:00Z
481,3,312,sponsored,18,0.084,8753,2026-01-17T10:00:00Z,2026-04-22T17:30:00Z
482,11,173,organic,34,0.018,15800,2026-03-10T12:00:00Z,2026-04-16T12:30:00Z
483,2,320,sponsored,31,0.061,4565,2026-01-22T17:00:00Z,2026-04-29T13:30:00Z
484,11,343,organic,19,0.091,44017,2026-01-11T08:00:00Z,2026-04-15T21:30:00Z
485,8,441,ambassador,5,0.066,34866,2026-02-17T13:00:00Z,2026-05-04T07:30:00Z
486,1,5,organic,29,0.056,24453,2026-02-05T02:00:00Z,2026-04-27T14:30:00Z
487,8,306,affiliate,21,0.092,23441,2026-03-30T05:00:00Z,2026-04-22T03:30:00Z
488,15,34,organic,33,0.034,44204,2026-03-10T07:00:00Z,2026-05-01T09:30:00Z
489,5,233,ambassador,1,0.019,11749,2026-01-13T20:00:00Z,2026-04-28T09:30:00Z
490,13,274,organic,10,0.046,1153,2026-01-24T17:00:00Z,2026-05-02T11:30:00Z
491,13,441,organic,20,0.080,43413,2026-01-31T04:00:00Z,2026-05-03T08:30:00Z
492,2,254,competitor_mention,30,0.072,6718,2026-04-01T00:00:00Z,2026-04-15T17:30:00Z
493,7,349,competitor_mention,31,0.029,25017,2026-03-04T20:00:00Z,2026-04-24T03:30:00Z
494,7,94,ambassador,32,0.091,34721,2026-02-18T12:00:00Z,2026-04-30T23:30:00Z
495,6,447,organic,19,0.046,47995,2026-02-02T01:00:00Z,2026-04-17T04:30:00Z
496,4,122,competitor_mention,16,0.093,30343,2026-02-28T23:00:00Z,2026-05-01T22:30:00Z
497,2,333,organic,6,0.035,4317,2026-03-18T23:00:00Z,2026-04-30T08:30:00Z
498,15,204,organic,20,0.092,19476,2026-01-12T22:00:00Z,2026-04-20T20:30:00Z
499,14,277,organic,18,0.050,10923,2026-02-20T18:00:00Z,2026-04-19T13:30:00Z
500,9,320,sponsored,6,0.080,22081,2026-02-23T13:00:00Z,2026-04-22T23:30:00Z
501,6,249,competitor_mention,36,0.081,8790,2026-03-28T14:00:00Z,2026-04-25T03:30:00Z
502,9,364,organic,12,0.061,7173,2026-02-17T08:00:00Z,2026-05-05T05:30:00Z
503,1,342,organic,30,0.086,26735,2026-01-15T05:00:00Z,2026-04-27T20:30:00Z
504,1,416,ambassador,38,0.073,27147,2026-01-25T13:00:00Z,2026-04-17T23:30:00Z
505,2,335,organic,25,0.055,39148,2026-01-21T18:00:00Z,2026-05-04T12:30:00Z
506,2,164,ambassador,11,0.084,46833,2026-02-14T01:00:00Z,2026-04-17T05:30:00Z
507,13,120,sponsored,32,0.027,49229,2026-03-17T14:00:00Z,2026-04-14T18:30:00Z
508,7,216,organic,18,0.083,51264,2026-03-13T23:00:00Z,2026-04-14T20:30:00Z
509,6,129,affiliate,22,0.083,46563,2026-03-10T20:00:00Z,2026-05-02T16:30:00Z
510,11,239,organic,23,0.082,37266,2026-03-20T09:00:00Z,2026-04-14T22:30:00Z
511,11,165,ambassador,2,0.070,20571,2026-03-02T16:00:00Z,2026-04-21T22:30:00Z
512,4,384,sponsored,30,0.028,12376,2026-02-20T09:00:00Z,2026-05-03T19:30:00Z
513,6,188,organic,3,0.062,4514,2026-03-12T05:00:00Z,2026-04-23T13:30:00Z
514,9,415,affiliate,7,0.048,20471,2026-02-09T07:00:00Z,2026-05-02T21:30:00Z
515,12,411,organic,19,0.069,13570,2026-03-24T10:00:00Z,2026-04-18T01:30:00Z
516,1,63,ambassador,8,0.071,13911,2026-01-15T01:00:00Z,2026-04-24T02:30:00Z
517,3,236,competitor_mention,36,0.083,47582,2026-03-13T03:00:00Z,2026-04-17T19:30:00Z
518,11,430,ambassador,35,0.058,13841,2026-02-20T03:00:00Z,2026-04-25T16:30:00Z
519,1,382,organic,17,0.082,9787,2026-02-03T12:00:00Z,2026-04-29T21:30:00Z
520,13,362,sponsored,1,0.022,46959,2026-03-19T04:00:00Z,2026-04-22T11:30:00Z
521,13,215,affiliate,26,0.087,16235,2026-01-29T05:00:00Z,2026-04-30T04:30:00Z
522,1,256,ambassador,29,0.074,17351,2026-01-21T18:00:00Z,2026-05-01T00:30:00Z
523,12,104,organic,3,0.062,41346,2026-03-28T09:00:00Z,2026-05-05T07:30:00Z
524,15,316,competitor_mention,30,0.034,18612,2026-02-02T17:00:00Z,2026-04-17T02:30:00Z
525,11,459,affiliate,36,0.086,28051,2026-01-17T08:00:00Z,2026-04-26T13:30:00Z
526,2,118,organic,31,0.080,41905,2026-02-28T21:00:00Z,2026-04-23T02:30:00Z
527,9,72,affiliate,5,0.092,48473,2026-02-05T00:00:00Z,2026-04-22T06:30:00Z
528,15,187,ambassador,29,0.047,29374,2026-01-23T22:00:00Z,2026-05-01T15:30:00Z
529,7,3,ambassador,10,0.082,13653,2026-03-28T07:00:00Z,2026-05-05T14:30:00Z
530,5,169,organic,33,0.022,7378,2026-01-17T14:00:00Z,2026-04-17T06:30:00Z
531,7,268,ambassador,16,0.081,19752,2026-02-05T06:00:00Z,2026-05-01T23:30:00Z
532,5,418,organic,31,0.072,21996,2026-02-16T02:00:00Z,2026-04-14T22:30:00Z
533,15,146,ambassador,33,0.075,32472,2026-03-15T17:00:00Z,2026-04-17T11:30:00Z
534,13,339,organic,24,0.092,13160,2026-03-29T01:00:00Z,2026-05-01T19:30:00Z
535,3,121,sponsored,16,0.088,33554,2026-01-27T10:00:00Z,2026-05-02T19:30:00Z
536,12,59,sponsored,35,0.051,20469,2026-01-17T04:00:00Z,2026-04-20T12:30:00Z
537,3,452,competitor_mention,31,0.022,27444,2026-02-01T03:00:00Z,2026-05-04T17:30:00Z
538,4,252,organic,29,0.085,24294,2026-03-18T19:00:00Z,2026-04-29T01:30:00Z
539,9,440,organic,29,0.043,38840,2026-01-28T10:00:00Z,2026-04-30T05:30:00Z
540,11,68,organic,4,0.027,49702,2026-01-12T15:00:00Z,2026-04-16T06:30:00Z
541,2,202,sponsored,32,0.049,15262,2026-03-26T08:00:00Z,2026-04-30T19:30:00Z
542,15,130,ambassador,20,0.087,2803,2026-03-16T23:00:00Z,2026-04-24T15:30:00Z
543,11,54,ambassador,31,0.088,29762,2026-03-09T05:00:00Z,2026-04-22T15:30:00Z
544,2,38,organic,11,0.067,33066,2026-02-25T16:00:00Z,2026-04-25T15:30:00Z
545,10,147,organic,29,0.087,45809,2026-03-15T05:00:00Z,2026-05-02T07:30:00Z
546,2,148,ambassador,34,0.066,3207,2026-01-22T03:00:00Z,2026-04-27T08:30:00Z
547,8,368,ambassador,27,0.030,37862,2026-03-24T21:00:00Z,2026-04-18T21:30:00Z
548,6,102,ambassador,14,0.083,23801,2026-02-16T06:00:00Z,2026-04-17T01:30:00Z
549,5,266,organic,23,0.044,12113,2026-02-24T02:00:00Z,2026-04-21T21:30:00Z
550,6,455,sponsored,28,0.064,24552,2026-03-09T10:00:00Z,2026-04-29T13:30:00Z
551,11,153,ambassador,23,0.029,16478,2026-02-02T13:00:00Z,2026-05-05T14:30:00Z
552,7,146,ambassador,11,0.041,35336,2026-01-16T17:00:00Z,2026-04-25T13:30:00Z
553,3,163,organic,4,0.089,4010,2026-02-26T02:00:00Z,2026-04-17T18:30:00Z
554,4,124,sponsored,21,0.051,33273,2026-03-03T18:00:00Z,2026-04-15T13:30:00Z
555,4,37,ambassador,9,0.061,2027,2026-01-18T07:00:00Z,2026-04-30T20:30:00Z
556,6,223,organic,11,0.050,41223,2026-03-18T12:00:00Z,2026-04-20T00:30:00Z
557,3,168,ambassador,32,0.039,5643,2026-02-14T13:00:00Z,2026-04-18T14:30:00Z
558,7,274,organic,37,0.087,38148,2026-03-11T14:00:00Z,2026-04-25T11:30:00Z
559,4,220,competitor_mention,11,0.064,31861,2026-03-22T10:00:00Z,2026-04-28T06:30:00Z
560,10,177,ambassador,28,0.062,31058,2026-03-12T06:00:00Z,2026-04-17T10:30:00Z
561,2,433,organic,20,0.085,43217,2026-03-18T17:00:00Z,2026-04-25T21:30:00Z
562,4,206,ambassador,4,0.025,33718,2026-02-16T23:00:00Z,2026-05-03T00:30:00Z
563,6,298,ambassador,32,0.029,17201,2026-01-12T01:00:00Z,2026-05-05T03:30:00Z
564,9,361,ambassador,25,0.060,33026,2026-03-05T05:00:00Z,2026-05-03T10:30:00Z
565,1,383,organic,32,0.029,38554,2026-01-23T21:00:00Z,2026-04-15T15:30:00Z
566,9,7,organic,31,0.041,10143,2026-02-24T16:00:00Z,2026-04-23T10:30:00Z
567,6,411,sponsored,12,0.038,21851,2026-03-22T23:00:00Z,2026-04-22T12:30:00Z
568,6,336,sponsored,37,0.054,15320,2026-03-28T12:00:00Z,2026-04-30T17:30:00Z
569,6,448,sponsored,37,0.072,1680,2026-03-11T00:00:00Z,2026-04-21T21:30:00Z
570,10,252,sponsored,11,0.067,26911,2026-02-01T22:00:00Z,2026-04-27T05:30:00Z
571,2,90,competitor_mention,20,0.076,4042,2026-02-09T20:00:00Z,2026-04-27T10:30:00Z
572,8,238,organic,12,0.041,23551,2026-02-28T17:00:00Z,2026-04-23T05:30:00Z
573,8,346,competitor_mention,11,0.058,20535,2026-02-16T03:00:00Z,2026-04-15T02:30:00Z
574,10,310,ambassador,23,0.029,18821,2026-02-22T22:00:00Z,2026-05-05T16:30:00Z
575,13,352,organic,33,0.041,10323,2026-03-25T09:00:00Z,2026-04-23T18:30:00Z
576,9,407,sponsored,17,0.076,44447,2026-03-28T19:00:00Z,2026-05-01T18:30:00Z
577,12,111,ambassador,37,0.025,33144,2026-01-26T11:00:00Z,2026-04-21T23:30:00Z
578,15,159,ambassador,21,0.043,29093,2026-02-23T23:00:00Z,2026-04-30T04:30:00Z
579,8,7,organic,38,0.043,23331,2026-03-21T22:00:00Z,2026-04-24T16:30:00Z
580,9,263,organic,1,0.033,16553,2026-01-25T16:00:00Z,2026-04-23T01:30:00Z
581,13,147,organic,28,0.082,14894,2026-01-11T12:00:00Z,2026-04-23T09:30:00Z
582,13,181,affiliate,20,0.088,7108,2026-03-14T03:00:00Z,2026-04-28T07:30:00Z
583,15,357,affiliate,17,0.032,33056,2026-02-18T08:00:00Z,2026-04-29T05:30:00Z
584,12,155,ambassador,13,0.089,28339,2026-04-01T06:00:00Z,2026-04-23T23:30:00Z
585,15,346,sponsored,10,0.063,16675,2026-01-13T21:00:00Z,2026-05-02T00:30:00Z
586,10,263,sponsored,16,0.031,41877,2026-01-14T20:00:00Z,2026-04-30T22:30:00Z
587,9,113,organic,24,0.032,1061,2026-01-11T12:00:00Z,2026-04-30T06:30:00Z
588,9,272,organic,31,0.056,24903,2026-01-16T02:00:00Z,2026-04-17T08:30:00Z
589,3,117,ambassador,33,0.092,13548,2026-02-16T23:00:00Z,2026-04-23T20:30:00Z
590,8,154,organic,31,0.088,39614,2026-02-20T20:00:00Z,2026-04-25T17:30:00Z
591,14,262,organic,8,0.033,40664,2026-03-15T13:00:00Z,2026-04-28T00:30:00Z
592,12,410,affiliate,11,0.073,14836,2026-03-12T12:00:00Z,2026-04-16T08:30:00Z
593,5,374,ambassador,3,0.031,42098,2026-01-15T20:00:00Z,2026-04-19T19:30:00Z
594,11,217,organic,4,0.043,7542,2026-02-28T19:00:00Z,2026-04-29T22:30:00Z
595,13,231,organic,14,0.058,21607,2026-01-23T21:00:00Z,2026-05-04T21:30:00Z
596,1,191,organic,32,0.077,25361,2026-02-28T03:00:00Z,2026-04-28T11:30:00Z
597,8,221,ambassador,1,0.082,13908,2026-02-23T00:00:00Z,2026-05-02T01:30:00Z
598,11,180,ambassador,12,0.053,11546,2026-02-10T23:00:00Z,2026-04-19T15:30:00Z
599,1,170,ambassador,4,0.051,49688,2026-03-21T13:00:00Z,2026-04-26T14:30:00Z
600,14,146,organic,1,0.086,44637,2026-02-09T10:00:00Z,2026-04-18T22:30:00Z
601,7,261,sponsored,4,0.019,10312,2026-03-04T05:00:00Z,2026-04-28T03:30:00Z
602,10,162,organic,27,0.053,28729,2026-01-19T22:00:00Z,2026-04-22T21:30:00Z
603,8,302,organic,24,0.030,37824,2026-01-30T19:00:00Z,2026-05-05T02:30:00Z
604,10,49,organic,18,0.030,47236,2026-03-03T17:00:00Z,2026-04-18T10:30:00Z
605,3,384,organic,13,0.060,8169,2026-01-15T20:00:00Z,2026-04-22T02:30:00Z
606,9,338,organic,29,0.056,12065,2026-02-04T15:00:00Z,2026-04-26T18:30:00Z
607,8,21,organic,2,0.073,39955,2026-03-24T20:00:00Z,2026-04-19T16:30:00Z
608,3,445,competitor_mention,7,0.088,8726,2026-03-09T20:00:00Z,2026-05-02T18:30:00Z
609,8,183,ambassador,29,0.082,35931,2026-01-30T02:00:00Z,2026-04-24T09:30:00Z
610,14,278,organic,13,0.089,14030,2026-03-08T03:00:00Z,2026-04-16T15:30:00Z
611,9,227,competitor_mention,15,0.048,26262,2026-02-28T03:00:00Z,2026-04-16T10:30:00Z
612,14,74,ambassador,25,0.025,17912,2026-02-18T03:00:00Z,2026-04-19T11:30:00Z
613,5,89,ambassador,24,0.092,3921,2026-01-31T12:00:00Z,2026-04-20T21:30:00Z
614,5,271,ambassador,13,0.028,18197,2026-03-07T16:00:00Z,2026-04-19T09:30:00Z
615,14,411,organic,33,0.047,48226,2026-03-03T04:00:00Z,2026-04-15T01:30:00Z
616,12,225,organic,23,0.091,51419,2026-03-13T21:00:00Z,2026-05-02T19:30:00Z
617,5,348,organic,3,0.048,40969,2026-01-26T02:00:00Z,2026-04-16T13:30:00Z
618,3,97,organic,12,0.078,29036,2026-02-19T21:00:00Z,2026-04-27T02:30:00Z
619,4,15,organic,12,0.071,17395,2026-02-26T08:00:00Z,2026-04-19T17:30:00Z
620,4,438,ambassador,35,0.029,4417,2026-01-21T10:00:00Z,2026-04-19T12:30:00Z
621,6,17,organic,12,0.042,41039,2026-03-28T15:00:00Z,2026-05-01T07:30:00Z
622,1,288,organic,16,0.052,27098,2026-02-09T07:00:00Z,2026-05-05T06:30:00Z
623,12,420,organic,15,0.085,50822,2026-01-17T03:00:00Z,2026-05-02T23:30:00Z
624,14,141,ambassador,2,0.021,39298,2026-01-30T01:00:00Z,2026-05-02T16:30:00Z
625,5,61,organic,35,0.057,17710,2026-02-03T09:00:00Z,2026-04-27T00:30:00Z
626,9,369,organic,9,0.039,38719,2026-02-22T17:00:00Z,2026-04-29T15:30:00Z
627,6,171,affiliate,28,0.086,20858,2026-03-28T01:00:00Z,2026-04-20T04:30:00Z
628,6,330,organic,2,0.068,4214,2026-02-20T14:00:00Z,2026-04-24T17:30:00Z
629,11,333,organic,6,0.071,51510,2026-02-25T09:00:00Z,2026-04-26T11:30:00Z
630,14,230,organic,38,0.072,35375,2026-02-24T19:00:00Z,2026-04-15T09:30:00Z
631,5,356,organic,28,0.040,18108,2026-03-23T01:00:00Z,2026-05-03T17:30:00Z
632,10,454,sponsored,1,0.059,39762,2026-03-13T04:00:00Z,2026-04-20T10:30:00Z
633,4,251,sponsored,27,0.072,2944,2026-03-25T10:00:00Z,2026-04-30T13:30:00Z
634,3,397,ambassador,24,0.085,28329,2026-03-16T02:00:00Z,2026-04-21T04:30:00Z
635,3,157,ambassador,16,0.083,47967,2026-03-05T01:00:00Z,2026-04-29T09:30:00Z
636,9,420,organic,36,0.085,17293,2026-01-22T05:00:00Z,2026-04-28T13:30:00Z
637,2,150,organic,27,0.087,7329,2026-02-27T09:00:00Z,2026-04-26T11:30:00Z
638,7,342,ambassador,5,0.063,26440,2026-01-22T15:00:00Z,2026-04-24T12:30:00Z
639,15,87,organic,18,0.070,8330,2026-03-29T04:00:00Z,2026-04-21T11:30:00Z
640,14,320,organic,16,0.086,14016,2026-02-18T03:00:00Z,2026-05-03T00:30:00Z
641,1,423,organic,21,0.063,5452,2026-03-27T22:00:00Z,2026-04-26T13:30:00Z
642,3,232,ambassador,13,0.052,13148,2026-03-07T06:00:00Z,2026-04-21T03:30:00Z
643,12,311,organic,16,0.058,14040,2026-03-10T12:00:00Z,2026-05-01T18:30:00Z
644,5,311,affiliate,30,0.053,24036,2026-01-31T15:00:00Z,2026-04-17T13:30:00Z
645,15,393,organic,23,0.056,10129,2026-01-17T11:00:00Z,2026-04-21T02:30:00Z
646,1,445,organic,8,0.040,5117,2026-03-26T09:00:00Z,2026-04-21T23:30:00Z
647,2,43,ambassador,13,0.074,23131,2026-01-17T15:00:00Z,2026-05-05T09:30:00Z
648,1,338,organic,21,0.038,7245,2026-02-05T23:00:00Z,2026-05-01T12:30:00Z
649,12,145,organic,12,0.075,26548,2026-03-29T20:00:00Z,2026-04-18T09:30:00Z
650,7,204,organic,20,0.079,50609,2026-02-05T08:00:00Z,2026-04-24T04:30:00Z
651,11,252,sponsored,16,0.092,43407,2026-03-04T03:00:00Z,2026-05-03T01:30:00Z
652,14,242,ambassador,7,0.054,20401,2026-01-15T21:00:00Z,2026-04-22T17:30:00Z
653,3,352,sponsored,37,0.079,23283,2026-01-29T12:00:00Z,2026-04-25T13:30:00Z
654,1,204,organic,5,0.050,14884,2026-02-16T08:00:00Z,2026-04-19T23:30:00Z
655,8,75,sponsored,13,0.071,21810,2026-03-19T07:00:00Z,2026-04-17T10:30:00Z
656,13,92,organic,20,0.072,26133,2026-03-04T00:00:00Z,2026-05-01T21:30:00Z
657,3,127,organic,31,0.059,31637,2026-03-05T05:00:00Z,2026-05-02T13:30:00Z
658,3,140,ambassador,17,0.066,2710,2026-01-16T02:00:00Z,2026-04-17T10:30:00Z
659,8,402,competitor_mention,33,0.038,39232,2026-01-24T08:00:00Z,2026-04-29T22:30:00Z
660,8,422,ambassador,26,0.068,41385,2026-01-14T07:00:00Z,2026-04-18T03:30:00Z
661,10,173,sponsored,25,0.043,11854,2026-02-12T11:00:00Z,2026-05-04T07:30:00Z
662,4,412,organic,16,0.046,39620,2026-01-18T17:00:00Z,2026-04-25T16:30:00Z
663,8,309,sponsored,5,0.085,21986,2026-02-11T01:00:00Z,2026-04-29T17:30:00Z
664,8,359,organic,20,0.038,5084,2026-03-22T06:00:00Z,2026-04-19T08:30:00Z
665,15,24,organic,10,0.090,12883,2026-03-04T09:00:00Z,2026-04-27T03:30:00Z
666,6,203,organic,8,0.087,19806,2026-01-30T05:00:00Z,2026-04-24T03:30:00Z
667,3,417,sponsored,24,0.051,15158,2026-03-26T03:00:00Z,2026-05-05T02:30:00Z
668,6,379,organic,26,0.058,43108,2026-03-10T18:00:00Z,2026-04-25T13:30:00Z
669,7,207,organic,26,0.067,27382,2026-01-15T15:00:00Z,2026-04-17T18:30:00Z
670,12,170,organic,13,0.077,24295,2026-03-15T19:00:00Z,2026-04-27T11:30:00Z
671,8,113,sponsored,26,0.018,40678,2026-02-13T10:00:00Z,2026-04-17T17:30:00Z
672,3,183,sponsored,30,0.019,19676,2026-01-27T09:00:00Z,2026-04-24T03:30:00Z
673,2,59,organic,30,0.034,4859,2026-03-10T07:00:00Z,2026-04-15T22:30:00Z
674,2,74,organic,18,0.083,30046,2026-02-04T05:00:00Z,2026-04-17T01:30:00Z
675,11,412,sponsored,29,0.089,7351,2026-02-17T06:00:00Z,2026-04-20T08:30:00Z
676,10,371,ambassador,25,0.029,38134,2026-03-24T10:00:00Z,2026-04-16T04:30:00Z
677,11,19,sponsored,3,0.077,13080,2026-03-26T05:00:00Z,2026-05-02T19:30:00Z
678,14,41,organic,2,0.020,20424,2026-01-18T10:00:00Z,2026-04-16T13:30:00Z
679,12,127,organic,15,0.040,17723,2026-02-19T16:00:00Z,2026-05-02T04:30:00Z
680,1,301,sponsored,4,0.032,5814,2026-03-27T22:00:00Z,2026-04-17T07:30:00Z
681,15,81,affiliate,23,0.032,32746,2026-03-04T03:00:00Z,2026-04-28T18:30:00Z
682,3,248,organic,35,0.069,40826,2026-01-23T05:00:00Z,2026-04-16T00:30:00Z
683,8,119,ambassador,30,0.033,46949,2026-02-19T06:00:00Z,2026-04-27T02:30:00Z
684,2,65,organic,16,0.041,47577,2026-01-21T20:00:00Z,2026-04-27T15:30:00Z
685,5,5,ambassador,1,0.057,31405,2026-01-19T21:00:00Z,2026-04-23T00:30:00Z
686,3,387,organic,9,0.021,40199,2026-03-05T18:00:00Z,2026-04-19T08:30:00Z
687,3,115,ambassador,15,0.083,23037,2026-01-30T03:00:00Z,2026-04-22T04:30:00Z
688,1,163,ambassador,9,0.023,35739,2026-03-27T18:00:00Z,2026-04-29T04:30:00Z
689,12,324,organic,34,0.086,21888,2026-01-14T16:00:00Z,2026-04-25T06:30:00Z
690,6,393,organic,10,0.062,40202,2026-03-05T19:00:00Z,2026-05-04T17:30:00Z
691,13,208,ambassador,24,0.022,49480,2026-01-12T16:00:00Z,2026-04-25T16:30:00Z
692,13,27,ambassador,38,0.025,29212,2026-03-31T01:00:00Z,2026-04-14T20:30:00Z
