forecast_id,product_id,region,forecast_date,predicted_demand,confidence_low,confidence_high,social_factor,model_version,explanation,created_at
1,1,Northeast Persistence Corridor,2026-05-29,112,96,127,1.47,student_success_signal_v2,"{""model"":""student_success_signal_v2"",""drivers"":[""fall_registration_spike""],""confidence"":""medium"",""alert"":""reserve_emergency_aid_slots""}",2026-05-05T16:30:00Z
2,2,Southern Enrollment and Transfer Region,2026-05-29,78,53,126,1.31,student_success_signal_v2,"{""model"":""student_success_signal_v2"",""drivers"":[""course_access_pressure""],""confidence"":""medium"",""alert"":""reserve_emergency_aid_slots""}",2026-05-05T16:30:00Z
3,3,Pacific Access Region,2026-05-29,195,180,213,1.51,student_success_signal_v2,"{""model"":""student_success_signal_v2"",""drivers"":[""retention_alert_cluster""],""confidence"":""high"",""alert"":""expand_advising_capacity""}",2026-05-05T16:30:00Z
4,4,Midwest Completion Belt,2026-05-29,111,78,133,1.67,student_success_signal_v2,"{""model"":""student_success_signal_v2"",""drivers"":[""financial_aid_deadline""],""confidence"":""medium"",""alert"":""reserve_emergency_aid_slots""}",2026-05-05T16:30:00Z
5,5,Northwest Wellness Corridor,2026-05-29,116,108,135,1.49,student_success_signal_v2,"{""model"":""student_success_signal_v2"",""drivers"":[""fall_registration_spike""],""confidence"":""medium"",""alert"":""expand_advising_capacity""}",2026-05-05T16:30:00Z
6,6,Mountain Workforce Pathway,2026-05-29,187,167,206,0.96,student_success_signal_v2,"{""model"":""student_success_signal_v2"",""drivers"":[""alumni_microgrant_interest""],""confidence"":""high"",""alert"":""expand_advising_capacity""}",2026-05-05T16:30:00Z
7,7,Texas Financial Aid Region,2026-05-29,173,156,202,0.96,student_success_signal_v2,"{""model"":""student_success_signal_v2"",""drivers"":[""financial_aid_deadline""],""confidence"":""high"",""alert"":""open_course_access_support""}",2026-05-05T16:30:00Z
8,8,Florida Transfer Corridor,2026-05-29,163,143,181,1.25,student_success_signal_v2,"{""model"":""student_success_signal_v2"",""drivers"":[""retention_alert_cluster""],""confidence"":""high"",""alert"":""expand_advising_capacity""}",2026-05-05T16:30:00Z
9,9,Arizona Basic Needs Region,2026-05-29,130,106,174,1.24,student_success_signal_v2,"{""model"":""student_success_signal_v2"",""drivers"":[""fall_registration_spike""],""confidence"":""medium"",""alert"":""expand_advising_capacity""}",2026-05-05T16:30:00Z
10,10,Georgia Student Services Region,2026-05-29,85,60,105,1.25,student_success_signal_v2,"{""model"":""student_success_signal_v2"",""drivers"":[""fall_registration_spike""],""confidence"":""medium"",""alert"":""increase_success_coach_outreach""}",2026-05-05T16:30:00Z
11,11,Boston First-Year Network,2026-05-29,212,204,239,1.61,student_success_signal_v2,"{""model"":""student_success_signal_v2"",""drivers"":[""financial_aid_deadline""],""confidence"":""high"",""alert"":""expand_advising_capacity""}",2026-05-05T16:30:00Z
12,12,Bay Area Online Learning Network,2026-05-29,116,86,157,1.39,student_success_signal_v2,"{""model"":""student_success_signal_v2"",""drivers"":[""alumni_microgrant_interest""],""confidence"":""medium"",""alert"":""open_course_access_support""}",2026-05-05T16:30:00Z
13,13,Philadelphia Dual Enrollment Region,2026-05-29,159,136,193,1.70,student_success_signal_v2,"{""model"":""student_success_signal_v2"",""drivers"":[""fall_registration_spike""],""confidence"":""high"",""alert"":""open_course_access_support""}",2026-05-05T16:30:00Z
14,14,Houston Workforce Region,2026-05-29,33,18,64,1.35,student_success_signal_v2,"{""model"":""student_success_signal_v2"",""drivers"":[""financial_aid_deadline""],""confidence"":""medium"",""alert"":""expand_advising_capacity""}",2026-05-05T16:30:00Z
15,15,Portland Completion Region,2026-05-29,131,108,157,1.14,student_success_signal_v2,"{""model"":""student_success_signal_v2"",""drivers"":[""financial_aid_deadline""],""confidence"":""medium"",""alert"":""open_course_access_support""}",2026-05-05T16:30:00Z
16,16,Sacramento Promise Region,2026-05-29,183,160,230,1.47,student_success_signal_v2,"{""model"":""student_success_signal_v2"",""drivers"":[""alumni_microgrant_interest""],""confidence"":""high"",""alert"":""open_course_access_support""}",2026-05-05T16:30:00Z
17,17,Denver Advising Region,2026-05-29,196,180,222,1.33,student_success_signal_v2,"{""model"":""student_success_signal_v2"",""drivers"":[""financial_aid_deadline""],""confidence"":""high"",""alert"":""open_course_access_support""}",2026-05-05T16:30:00Z
18,18,Chicago Retention Region,2026-05-29,97,83,111,0.90,student_success_signal_v2,"{""model"":""student_success_signal_v2"",""drivers"":[""alumni_microgrant_interest""],""confidence"":""medium"",""alert"":""increase_success_coach_outreach""}",2026-05-05T16:30:00Z
19,19,Los Angeles Enrollment Region,2026-05-29,108,89,136,1.64,student_success_signal_v2,"{""model"":""student_success_signal_v2"",""drivers"":[""course_access_pressure""],""confidence"":""medium"",""alert"":""reserve_emergency_aid_slots""}",2026-05-05T16:30:00Z
20,20,New York Advancement Region,2026-05-29,56,35,89,1.21,student_success_signal_v2,"{""model"":""student_success_signal_v2"",""drivers"":[""retention_alert_cluster""],""confidence"":""medium"",""alert"":""increase_success_coach_outreach""}",2026-05-05T16:30:00Z
21,21,Northeast Persistence Corridor,2026-05-29,70,54,94,0.96,student_success_signal_v2,"{""model"":""student_success_signal_v2"",""drivers"":[""fall_registration_spike""],""confidence"":""medium"",""alert"":""reserve_emergency_aid_slots""}",2026-05-05T16:30:00Z
22,22,Southern Enrollment and Transfer Region,2026-05-29,66,37,92,1.49,student_success_signal_v2,"{""model"":""student_success_signal_v2"",""drivers"":[""fall_registration_spike""],""confidence"":""medium"",""alert"":""open_course_access_support""}",2026-05-05T16:30:00Z
23,23,Pacific Access Region,2026-05-29,34,22,67,1.25,student_success_signal_v2,"{""model"":""student_success_signal_v2"",""drivers"":[""course_access_pressure""],""confidence"":""medium"",""alert"":""increase_success_coach_outreach""}",2026-05-05T16:30:00Z
24,24,Midwest Completion Belt,2026-05-29,207,187,240,1.42,student_success_signal_v2,"{""model"":""student_success_signal_v2"",""drivers"":[""fall_registration_spike""],""confidence"":""high"",""alert"":""reserve_emergency_aid_slots""}",2026-05-05T16:30:00Z
25,25,Northwest Wellness Corridor,2026-05-29,120,103,135,1.47,student_success_signal_v2,"{""model"":""student_success_signal_v2"",""drivers"":[""financial_aid_deadline""],""confidence"":""medium"",""alert"":""expand_advising_capacity""}",2026-05-05T16:30:00Z
26,26,Mountain Workforce Pathway,2026-05-29,214,180,239,0.97,student_success_signal_v2,"{""model"":""student_success_signal_v2"",""drivers"":[""retention_alert_cluster""],""confidence"":""high"",""alert"":""increase_success_coach_outreach""}",2026-05-05T16:30:00Z
27,27,Texas Financial Aid Region,2026-05-29,38,21,64,0.93,student_success_signal_v2,"{""model"":""student_success_signal_v2"",""drivers"":[""course_access_pressure""],""confidence"":""medium"",""alert"":""reserve_emergency_aid_slots""}",2026-05-05T16:30:00Z
28,28,Florida Transfer Corridor,2026-05-29,68,53,106,1.11,student_success_signal_v2,"{""model"":""student_success_signal_v2"",""drivers"":[""fall_registration_spike""],""confidence"":""medium"",""alert"":""reserve_emergency_aid_slots""}",2026-05-05T16:30:00Z
29,29,Arizona Basic Needs Region,2026-05-29,120,103,157,1.22,student_success_signal_v2,"{""model"":""student_success_signal_v2"",""drivers"":[""retention_alert_cluster""],""confidence"":""medium"",""alert"":""expand_advising_capacity""}",2026-05-05T16:30:00Z
30,30,Georgia Student Services Region,2026-05-29,155,140,201,1.00,student_success_signal_v2,"{""model"":""student_success_signal_v2"",""drivers"":[""retention_alert_cluster""],""confidence"":""high"",""alert"":""open_course_access_support""}",2026-05-05T16:30:00Z
31,31,Boston First-Year Network,2026-05-29,43,21,82,1.29,student_success_signal_v2,"{""model"":""student_success_signal_v2"",""drivers"":[""financial_aid_deadline""],""confidence"":""medium"",""alert"":""open_course_access_support""}",2026-05-05T16:30:00Z
32,32,Bay Area Online Learning Network,2026-05-29,86,71,113,1.34,student_success_signal_v2,"{""model"":""student_success_signal_v2"",""drivers"":[""alumni_microgrant_interest""],""confidence"":""medium"",""alert"":""reserve_emergency_aid_slots""}",2026-05-05T16:30:00Z
33,33,Philadelphia Dual Enrollment Region,2026-05-29,83,69,119,0.97,student_success_signal_v2,"{""model"":""student_success_signal_v2"",""drivers"":[""alumni_microgrant_interest""],""confidence"":""medium"",""alert"":""open_course_access_support""}",2026-05-05T16:30:00Z
34,34,Houston Workforce Region,2026-05-29,143,126,174,1.38,student_success_signal_v2,"{""model"":""student_success_signal_v2"",""drivers"":[""alumni_microgrant_interest""],""confidence"":""high"",""alert"":""reserve_emergency_aid_slots""}",2026-05-05T16:30:00Z
35,35,Portland Completion Region,2026-05-29,29,1,56,1.00,student_success_signal_v2,"{""model"":""student_success_signal_v2"",""drivers"":[""course_access_pressure""],""confidence"":""medium"",""alert"":""reserve_emergency_aid_slots""}",2026-05-05T16:30:00Z
36,36,Sacramento Promise Region,2026-05-29,147,123,181,1.10,student_success_signal_v2,"{""model"":""student_success_signal_v2"",""drivers"":[""alumni_microgrant_interest""],""confidence"":""high"",""alert"":""reserve_emergency_aid_slots""}",2026-05-05T16:30:00Z
37,37,Denver Advising Region,2026-05-29,139,126,177,1.30,student_success_signal_v2,"{""model"":""student_success_signal_v2"",""drivers"":[""fall_registration_spike""],""confidence"":""medium"",""alert"":""open_course_access_support""}",2026-05-05T16:30:00Z
38,38,Chicago Retention Region,2026-05-29,181,147,212,1.07,student_success_signal_v2,"{""model"":""student_success_signal_v2"",""drivers"":[""course_access_pressure""],""confidence"":""high"",""alert"":""reserve_emergency_aid_slots""}",2026-05-05T16:30:00Z
39,39,Los Angeles Enrollment Region,2026-05-29,88,76,135,1.24,student_success_signal_v2,"{""model"":""student_success_signal_v2"",""drivers"":[""course_access_pressure""],""confidence"":""medium"",""alert"":""increase_success_coach_outreach""}",2026-05-05T16:30:00Z
40,40,New York Advancement Region,2026-05-29,66,50,111,1.29,student_success_signal_v2,"{""model"":""student_success_signal_v2"",""drivers"":[""alumni_microgrant_interest""],""confidence"":""medium"",""alert"":""reserve_emergency_aid_slots""}",2026-05-05T16:30:00Z
41,41,Northeast Persistence Corridor,2026-05-29,131,121,161,1.12,student_success_signal_v2,"{""model"":""student_success_signal_v2"",""drivers"":[""alumni_microgrant_interest""],""confidence"":""medium"",""alert"":""increase_success_coach_outreach""}",2026-05-05T16:30:00Z
42,42,Southern Enrollment and Transfer Region,2026-05-29,92,80,117,1.22,student_success_signal_v2,"{""model"":""student_success_signal_v2"",""drivers"":[""fall_registration_spike""],""confidence"":""medium"",""alert"":""open_course_access_support""}",2026-05-05T16:30:00Z
43,43,Pacific Access Region,2026-05-29,130,113,148,1.32,student_success_signal_v2,"{""model"":""student_success_signal_v2"",""drivers"":[""alumni_microgrant_interest""],""confidence"":""medium"",""alert"":""expand_advising_capacity""}",2026-05-05T16:30:00Z
44,44,Midwest Completion Belt,2026-05-29,77,68,123,1.10,student_success_signal_v2,"{""model"":""student_success_signal_v2"",""drivers"":[""course_access_pressure""],""confidence"":""medium"",""alert"":""reserve_emergency_aid_slots""}",2026-05-05T16:30:00Z
45,45,Northwest Wellness Corridor,2026-05-29,83,68,111,1.32,student_success_signal_v2,"{""model"":""student_success_signal_v2"",""drivers"":[""alumni_microgrant_interest""],""confidence"":""medium"",""alert"":""expand_advising_capacity""}",2026-05-05T16:30:00Z
46,46,Mountain Workforce Pathway,2026-05-29,50,25,97,1.57,student_success_signal_v2,"{""model"":""student_success_signal_v2"",""drivers"":[""course_access_pressure""],""confidence"":""medium"",""alert"":""expand_advising_capacity""}",2026-05-05T16:30:00Z
47,47,Texas Financial Aid Region,2026-05-29,102,72,144,1.17,student_success_signal_v2,"{""model"":""student_success_signal_v2"",""drivers"":[""course_access_pressure""],""confidence"":""medium"",""alert"":""open_course_access_support""}",2026-05-05T16:30:00Z
48,48,Florida Transfer Corridor,2026-05-29,106,93,129,1.68,student_success_signal_v2,"{""model"":""student_success_signal_v2"",""drivers"":[""financial_aid_deadline""],""confidence"":""medium"",""alert"":""reserve_emergency_aid_slots""}",2026-05-05T16:30:00Z
49,49,Arizona Basic Needs Region,2026-05-29,65,42,88,1.06,student_success_signal_v2,"{""model"":""student_success_signal_v2"",""drivers"":[""financial_aid_deadline""],""confidence"":""medium"",""alert"":""expand_advising_capacity""}",2026-05-05T16:30:00Z
50,50,Georgia Student Services Region,2026-05-29,201,181,244,1.47,student_success_signal_v2,"{""model"":""student_success_signal_v2"",""drivers"":[""alumni_microgrant_interest""],""confidence"":""high"",""alert"":""open_course_access_support""}",2026-05-05T16:30:00Z
51,51,Boston First-Year Network,2026-05-29,166,153,195,1.49,student_success_signal_v2,"{""model"":""student_success_signal_v2"",""drivers"":[""course_access_pressure""],""confidence"":""high"",""alert"":""increase_success_coach_outreach""}",2026-05-05T16:30:00Z
52,52,Bay Area Online Learning Network,2026-05-29,152,128,192,1.52,student_success_signal_v2,"{""model"":""student_success_signal_v2"",""drivers"":[""alumni_microgrant_interest""],""confidence"":""high"",""alert"":""increase_success_coach_outreach""}",2026-05-05T16:30:00Z
53,53,Philadelphia Dual Enrollment Region,2026-05-29,187,168,213,0.94,student_success_signal_v2,"{""model"":""student_success_signal_v2"",""drivers"":[""financial_aid_deadline""],""confidence"":""high"",""alert"":""reserve_emergency_aid_slots""}",2026-05-05T16:30:00Z
54,54,Houston Workforce Region,2026-05-29,122,104,165,1.54,student_success_signal_v2,"{""model"":""student_success_signal_v2"",""drivers"":[""course_access_pressure""],""confidence"":""medium"",""alert"":""expand_advising_capacity""}",2026-05-05T16:30:00Z
55,55,Portland Completion Region,2026-05-29,114,93,142,1.53,student_success_signal_v2,"{""model"":""student_success_signal_v2"",""drivers"":[""financial_aid_deadline""],""confidence"":""medium"",""alert"":""reserve_emergency_aid_slots""}",2026-05-05T16:30:00Z
56,56,Sacramento Promise Region,2026-05-29,135,125,158,1.62,student_success_signal_v2,"{""model"":""student_success_signal_v2"",""drivers"":[""financial_aid_deadline""],""confidence"":""medium"",""alert"":""increase_success_coach_outreach""}",2026-05-05T16:30:00Z
57,57,Denver Advising Region,2026-05-29,39,25,53,1.33,student_success_signal_v2,"{""model"":""student_success_signal_v2"",""drivers"":[""alumni_microgrant_interest""],""confidence"":""medium"",""alert"":""open_course_access_support""}",2026-05-05T16:30:00Z
58,58,Chicago Retention Region,2026-05-29,206,196,223,0.89,student_success_signal_v2,"{""model"":""student_success_signal_v2"",""drivers"":[""retention_alert_cluster""],""confidence"":""high"",""alert"":""reserve_emergency_aid_slots""}",2026-05-05T16:30:00Z
59,59,Los Angeles Enrollment Region,2026-05-29,105,77,124,0.91,student_success_signal_v2,"{""model"":""student_success_signal_v2"",""drivers"":[""course_access_pressure""],""confidence"":""medium"",""alert"":""increase_success_coach_outreach""}",2026-05-05T16:30:00Z
60,60,New York Advancement Region,2026-05-29,136,102,173,1.29,student_success_signal_v2,"{""model"":""student_success_signal_v2"",""drivers"":[""course_access_pressure""],""confidence"":""medium"",""alert"":""expand_advising_capacity""}",2026-05-05T16:30:00Z
61,1,Northeast Persistence Corridor,2026-05-30,204,191,251,1.14,student_success_signal_v2,"{""model"":""student_success_signal_v2"",""drivers"":[""alumni_microgrant_interest""],""confidence"":""high"",""alert"":""expand_advising_capacity""}",2026-05-05T16:30:00Z
62,2,Southern Enrollment and Transfer Region,2026-05-30,166,143,198,1.20,student_success_signal_v2,"{""model"":""student_success_signal_v2"",""drivers"":[""financial_aid_deadline""],""confidence"":""high"",""alert"":""expand_advising_capacity""}",2026-05-05T16:30:00Z
63,3,Pacific Access Region,2026-05-30,27,5,62,1.39,student_success_signal_v2,"{""model"":""student_success_signal_v2"",""drivers"":[""fall_registration_spike""],""confidence"":""medium"",""alert"":""reserve_emergency_aid_slots""}",2026-05-05T16:30:00Z
64,4,Midwest Completion Belt,2026-05-30,50,33,82,1.69,student_success_signal_v2,"{""model"":""student_success_signal_v2"",""drivers"":[""alumni_microgrant_interest""],""confidence"":""medium"",""alert"":""reserve_emergency_aid_slots""}",2026-05-05T16:30:00Z
65,5,Northwest Wellness Corridor,2026-05-30,149,132,193,1.58,student_success_signal_v2,"{""model"":""student_success_signal_v2"",""drivers"":[""retention_alert_cluster""],""confidence"":""high"",""alert"":""increase_success_coach_outreach""}",2026-05-05T16:30:00Z
66,6,Mountain Workforce Pathway,2026-05-30,212,203,260,1.37,student_success_signal_v2,"{""model"":""student_success_signal_v2"",""drivers"":[""retention_alert_cluster""],""confidence"":""high"",""alert"":""reserve_emergency_aid_slots""}",2026-05-05T16:30:00Z
67,7,Texas Financial Aid Region,2026-05-30,136,102,157,1.61,student_success_signal_v2,"{""model"":""student_success_signal_v2"",""drivers"":[""course_access_pressure""],""confidence"":""medium"",""alert"":""reserve_emergency_aid_slots""}",2026-05-05T16:30:00Z
68,8,Florida Transfer Corridor,2026-05-30,46,38,74,1.04,student_success_signal_v2,"{""model"":""student_success_signal_v2"",""drivers"":[""fall_registration_spike""],""confidence"":""medium"",""alert"":""expand_advising_capacity""}",2026-05-05T16:30:00Z
69,9,Arizona Basic Needs Region,2026-05-30,147,133,164,1.42,student_success_signal_v2,"{""model"":""student_success_signal_v2"",""drivers"":[""alumni_microgrant_interest""],""confidence"":""high"",""alert"":""reserve_emergency_aid_slots""}",2026-05-05T16:30:00Z
70,10,Georgia Student Services Region,2026-05-30,105,89,147,1.68,student_success_signal_v2,"{""model"":""student_success_signal_v2"",""drivers"":[""financial_aid_deadline""],""confidence"":""medium"",""alert"":""increase_success_coach_outreach""}",2026-05-05T16:30:00Z
71,11,Boston First-Year Network,2026-05-30,139,131,163,1.13,student_success_signal_v2,"{""model"":""student_success_signal_v2"",""drivers"":[""financial_aid_deadline""],""confidence"":""medium"",""alert"":""reserve_emergency_aid_slots""}",2026-05-05T16:30:00Z
72,12,Bay Area Online Learning Network,2026-05-30,53,36,87,1.41,student_success_signal_v2,"{""model"":""student_success_signal_v2"",""drivers"":[""retention_alert_cluster""],""confidence"":""medium"",""alert"":""reserve_emergency_aid_slots""}",2026-05-05T16:30:00Z
73,13,Philadelphia Dual Enrollment Region,2026-05-30,178,165,196,1.04,student_success_signal_v2,"{""model"":""student_success_signal_v2"",""drivers"":[""fall_registration_spike""],""confidence"":""high"",""alert"":""reserve_emergency_aid_slots""}",2026-05-05T16:30:00Z
74,14,Houston Workforce Region,2026-05-30,50,27,67,1.04,student_success_signal_v2,"{""model"":""student_success_signal_v2"",""drivers"":[""alumni_microgrant_interest""],""confidence"":""medium"",""alert"":""open_course_access_support""}",2026-05-05T16:30:00Z
75,15,Portland Completion Region,2026-05-30,191,162,225,1.05,student_success_signal_v2,"{""model"":""student_success_signal_v2"",""drivers"":[""financial_aid_deadline""],""confidence"":""high"",""alert"":""open_course_access_support""}",2026-05-05T16:30:00Z
76,16,Sacramento Promise Region,2026-05-30,89,78,123,1.05,student_success_signal_v2,"{""model"":""student_success_signal_v2"",""drivers"":[""retention_alert_cluster""],""confidence"":""medium"",""alert"":""expand_advising_capacity""}",2026-05-05T16:30:00Z
77,17,Denver Advising Region,2026-05-30,121,104,152,0.93,student_success_signal_v2,"{""model"":""student_success_signal_v2"",""drivers"":[""financial_aid_deadline""],""confidence"":""medium"",""alert"":""open_course_access_support""}",2026-05-05T16:30:00Z
78,18,Chicago Retention Region,2026-05-30,165,154,206,1.44,student_success_signal_v2,"{""model"":""student_success_signal_v2"",""drivers"":[""alumni_microgrant_interest""],""confidence"":""high"",""alert"":""reserve_emergency_aid_slots""}",2026-05-05T16:30:00Z
79,19,Los Angeles Enrollment Region,2026-05-30,209,190,246,1.16,student_success_signal_v2,"{""model"":""student_success_signal_v2"",""drivers"":[""course_access_pressure""],""confidence"":""high"",""alert"":""increase_success_coach_outreach""}",2026-05-05T16:30:00Z
80,20,New York Advancement Region,2026-05-30,120,99,161,0.91,student_success_signal_v2,"{""model"":""student_success_signal_v2"",""drivers"":[""course_access_pressure""],""confidence"":""medium"",""alert"":""expand_advising_capacity""}",2026-05-05T16:30:00Z
81,21,Northeast Persistence Corridor,2026-05-30,28,8,61,1.14,student_success_signal_v2,"{""model"":""student_success_signal_v2"",""drivers"":[""retention_alert_cluster""],""confidence"":""medium"",""alert"":""reserve_emergency_aid_slots""}",2026-05-05T16:30:00Z
82,22,Southern Enrollment and Transfer Region,2026-05-30,34,16,80,1.48,student_success_signal_v2,"{""model"":""student_success_signal_v2"",""drivers"":[""course_access_pressure""],""confidence"":""medium"",""alert"":""expand_advising_capacity""}",2026-05-05T16:30:00Z
83,23,Pacific Access Region,2026-05-30,152,128,169,1.59,student_success_signal_v2,"{""model"":""student_success_signal_v2"",""drivers"":[""retention_alert_cluster""],""confidence"":""high"",""alert"":""reserve_emergency_aid_slots""}",2026-05-05T16:30:00Z
84,24,Midwest Completion Belt,2026-05-30,213,190,240,0.93,student_success_signal_v2,"{""model"":""student_success_signal_v2"",""drivers"":[""alumni_microgrant_interest""],""confidence"":""high"",""alert"":""reserve_emergency_aid_slots""}",2026-05-05T16:30:00Z
85,25,Northwest Wellness Corridor,2026-05-30,28,14,65,1.54,student_success_signal_v2,"{""model"":""student_success_signal_v2"",""drivers"":[""alumni_microgrant_interest""],""confidence"":""medium"",""alert"":""increase_success_coach_outreach""}",2026-05-05T16:30:00Z
86,26,Mountain Workforce Pathway,2026-05-30,27,15,73,1.36,student_success_signal_v2,"{""model"":""student_success_signal_v2"",""drivers"":[""alumni_microgrant_interest""],""confidence"":""medium"",""alert"":""reserve_emergency_aid_slots""}",2026-05-05T16:30:00Z
87,27,Texas Financial Aid Region,2026-05-30,116,97,149,0.94,student_success_signal_v2,"{""model"":""student_success_signal_v2"",""drivers"":[""course_access_pressure""],""confidence"":""medium"",""alert"":""increase_success_coach_outreach""}",2026-05-05T16:30:00Z
88,28,Florida Transfer Corridor,2026-05-30,127,104,164,1.28,student_success_signal_v2,"{""model"":""student_success_signal_v2"",""drivers"":[""alumni_microgrant_interest""],""confidence"":""medium"",""alert"":""increase_success_coach_outreach""}",2026-05-05T16:30:00Z
89,29,Arizona Basic Needs Region,2026-05-30,54,20,73,1.03,student_success_signal_v2,"{""model"":""student_success_signal_v2"",""drivers"":[""alumni_microgrant_interest""],""confidence"":""medium"",""alert"":""expand_advising_capacity""}",2026-05-05T16:30:00Z
90,30,Georgia Student Services Region,2026-05-30,131,116,152,1.38,student_success_signal_v2,"{""model"":""student_success_signal_v2"",""drivers"":[""alumni_microgrant_interest""],""confidence"":""medium"",""alert"":""open_course_access_support""}",2026-05-05T16:30:00Z
91,31,Boston First-Year Network,2026-05-30,139,117,154,1.16,student_success_signal_v2,"{""model"":""student_success_signal_v2"",""drivers"":[""fall_registration_spike""],""confidence"":""medium"",""alert"":""increase_success_coach_outreach""}",2026-05-05T16:30:00Z
92,32,Bay Area Online Learning Network,2026-05-30,156,126,183,1.61,student_success_signal_v2,"{""model"":""student_success_signal_v2"",""drivers"":[""alumni_microgrant_interest""],""confidence"":""high"",""alert"":""increase_success_coach_outreach""}",2026-05-05T16:30:00Z
93,33,Philadelphia Dual Enrollment Region,2026-05-30,77,48,97,1.58,student_success_signal_v2,"{""model"":""student_success_signal_v2"",""drivers"":[""retention_alert_cluster""],""confidence"":""medium"",""alert"":""reserve_emergency_aid_slots""}",2026-05-05T16:30:00Z
94,34,Houston Workforce Region,2026-05-30,30,12,75,0.99,student_success_signal_v2,"{""model"":""student_success_signal_v2"",""drivers"":[""financial_aid_deadline""],""confidence"":""medium"",""alert"":""reserve_emergency_aid_slots""}",2026-05-05T16:30:00Z
95,35,Portland Completion Region,2026-05-30,143,127,175,1.14,student_success_signal_v2,"{""model"":""student_success_signal_v2"",""drivers"":[""retention_alert_cluster""],""confidence"":""high"",""alert"":""expand_advising_capacity""}",2026-05-05T16:30:00Z
96,36,Sacramento Promise Region,2026-05-30,83,60,124,1.22,student_success_signal_v2,"{""model"":""student_success_signal_v2"",""drivers"":[""alumni_microgrant_interest""],""confidence"":""medium"",""alert"":""increase_success_coach_outreach""}",2026-05-05T16:30:00Z
97,37,Denver Advising Region,2026-05-30,32,1,69,1.16,student_success_signal_v2,"{""model"":""student_success_signal_v2"",""drivers"":[""fall_registration_spike""],""confidence"":""medium"",""alert"":""open_course_access_support""}",2026-05-05T16:30:00Z
98,38,Chicago Retention Region,2026-05-30,62,31,88,1.70,student_success_signal_v2,"{""model"":""student_success_signal_v2"",""drivers"":[""alumni_microgrant_interest""],""confidence"":""medium"",""alert"":""reserve_emergency_aid_slots""}",2026-05-05T16:30:00Z
99,39,Los Angeles Enrollment Region,2026-05-30,160,139,184,1.01,student_success_signal_v2,"{""model"":""student_success_signal_v2"",""drivers"":[""alumni_microgrant_interest""],""confidence"":""high"",""alert"":""increase_success_coach_outreach""}",2026-05-05T16:30:00Z
100,40,New York Advancement Region,2026-05-30,145,135,183,1.31,student_success_signal_v2,"{""model"":""student_success_signal_v2"",""drivers"":[""fall_registration_spike""],""confidence"":""high"",""alert"":""expand_advising_capacity""}",2026-05-05T16:30:00Z
101,41,Northeast Persistence Corridor,2026-05-30,145,116,165,0.92,student_success_signal_v2,"{""model"":""student_success_signal_v2"",""drivers"":[""course_access_pressure""],""confidence"":""high"",""alert"":""expand_advising_capacity""}",2026-05-05T16:30:00Z
102,42,Southern Enrollment and Transfer Region,2026-05-30,146,123,164,1.09,student_success_signal_v2,"{""model"":""student_success_signal_v2"",""drivers"":[""fall_registration_spike""],""confidence"":""high"",""alert"":""increase_success_coach_outreach""}",2026-05-05T16:30:00Z
103,43,Pacific Access Region,2026-05-30,60,47,85,1.71,student_success_signal_v2,"{""model"":""student_success_signal_v2"",""drivers"":[""alumni_microgrant_interest""],""confidence"":""medium"",""alert"":""open_course_access_support""}",2026-05-05T16:30:00Z
104,44,Midwest Completion Belt,2026-05-30,41,14,62,1.24,student_success_signal_v2,"{""model"":""student_success_signal_v2"",""drivers"":[""fall_registration_spike""],""confidence"":""medium"",""alert"":""reserve_emergency_aid_slots""}",2026-05-05T16:30:00Z
105,45,Northwest Wellness Corridor,2026-05-30,139,107,187,1.08,student_success_signal_v2,"{""model"":""student_success_signal_v2"",""drivers"":[""financial_aid_deadline""],""confidence"":""medium"",""alert"":""open_course_access_support""}",2026-05-05T16:30:00Z
106,46,Mountain Workforce Pathway,2026-05-30,163,148,192,1.68,student_success_signal_v2,"{""model"":""student_success_signal_v2"",""drivers"":[""course_access_pressure""],""confidence"":""high"",""alert"":""expand_advising_capacity""}",2026-05-05T16:30:00Z
107,47,Texas Financial Aid Region,2026-05-30,117,84,136,1.27,student_success_signal_v2,"{""model"":""student_success_signal_v2"",""drivers"":[""alumni_microgrant_interest""],""confidence"":""medium"",""alert"":""increase_success_coach_outreach""}",2026-05-05T16:30:00Z
108,48,Florida Transfer Corridor,2026-05-30,65,38,93,1.04,student_success_signal_v2,"{""model"":""student_success_signal_v2"",""drivers"":[""retention_alert_cluster""],""confidence"":""medium"",""alert"":""reserve_emergency_aid_slots""}",2026-05-05T16:30:00Z
109,49,Arizona Basic Needs Region,2026-05-30,67,38,98,1.39,student_success_signal_v2,"{""model"":""student_success_signal_v2"",""drivers"":[""fall_registration_spike""],""confidence"":""medium"",""alert"":""reserve_emergency_aid_slots""}",2026-05-05T16:30:00Z
110,50,Georgia Student Services Region,2026-05-30,117,104,151,1.49,student_success_signal_v2,"{""model"":""student_success_signal_v2"",""drivers"":[""course_access_pressure""],""confidence"":""medium"",""alert"":""increase_success_coach_outreach""}",2026-05-05T16:30:00Z
111,51,Boston First-Year Network,2026-05-30,120,105,145,1.22,student_success_signal_v2,"{""model"":""student_success_signal_v2"",""drivers"":[""financial_aid_deadline""],""confidence"":""medium"",""alert"":""increase_success_coach_outreach""}",2026-05-05T16:30:00Z
112,52,Bay Area Online Learning Network,2026-05-30,29,7,56,1.49,student_success_signal_v2,"{""model"":""student_success_signal_v2"",""drivers"":[""alumni_microgrant_interest""],""confidence"":""medium"",""alert"":""open_course_access_support""}",2026-05-05T16:30:00Z
113,53,Philadelphia Dual Enrollment Region,2026-05-30,149,136,167,1.40,student_success_signal_v2,"{""model"":""student_success_signal_v2"",""drivers"":[""retention_alert_cluster""],""confidence"":""high"",""alert"":""open_course_access_support""}",2026-05-05T16:30:00Z
114,54,Houston Workforce Region,2026-05-30,156,122,200,0.99,student_success_signal_v2,"{""model"":""student_success_signal_v2"",""drivers"":[""course_access_pressure""],""confidence"":""high"",""alert"":""open_course_access_support""}",2026-05-05T16:30:00Z
115,55,Portland Completion Region,2026-05-30,70,62,118,1.43,student_success_signal_v2,"{""model"":""student_success_signal_v2"",""drivers"":[""course_access_pressure""],""confidence"":""medium"",""alert"":""increase_success_coach_outreach""}",2026-05-05T16:30:00Z
116,56,Sacramento Promise Region,2026-05-30,24,5,54,1.47,student_success_signal_v2,"{""model"":""student_success_signal_v2"",""drivers"":[""course_access_pressure""],""confidence"":""medium"",""alert"":""open_course_access_support""}",2026-05-05T16:30:00Z
117,57,Denver Advising Region,2026-05-30,113,99,134,1.13,student_success_signal_v2,"{""model"":""student_success_signal_v2"",""drivers"":[""fall_registration_spike""],""confidence"":""medium"",""alert"":""expand_advising_capacity""}",2026-05-05T16:30:00Z
118,58,Chicago Retention Region,2026-05-30,167,137,184,1.70,student_success_signal_v2,"{""model"":""student_success_signal_v2"",""drivers"":[""fall_registration_spike""],""confidence"":""high"",""alert"":""expand_advising_capacity""}",2026-05-05T16:30:00Z
119,59,Los Angeles Enrollment Region,2026-05-30,25,1,54,1.10,student_success_signal_v2,"{""model"":""student_success_signal_v2"",""drivers"":[""fall_registration_spike""],""confidence"":""medium"",""alert"":""increase_success_coach_outreach""}",2026-05-05T16:30:00Z
120,60,New York Advancement Region,2026-05-30,204,191,219,1.49,student_success_signal_v2,"{""model"":""student_success_signal_v2"",""drivers"":[""alumni_microgrant_interest""],""confidence"":""high"",""alert"":""open_course_access_support""}",2026-05-05T16:30:00Z
121,1,Northeast Persistence Corridor,2026-05-31,182,171,198,1.05,student_success_signal_v2,"{""model"":""student_success_signal_v2"",""drivers"":[""alumni_microgrant_interest""],""confidence"":""high"",""alert"":""expand_advising_capacity""}",2026-05-05T16:30:00Z
122,2,Southern Enrollment and Transfer Region,2026-05-31,129,107,141,1.33,student_success_signal_v2,"{""model"":""student_success_signal_v2"",""drivers"":[""financial_aid_deadline""],""confidence"":""medium"",""alert"":""reserve_emergency_aid_slots""}",2026-05-05T16:30:00Z
123,3,Pacific Access Region,2026-05-31,119,109,152,1.18,student_success_signal_v2,"{""model"":""student_success_signal_v2"",""drivers"":[""fall_registration_spike""],""confidence"":""medium"",""alert"":""expand_advising_capacity""}",2026-05-05T16:30:00Z
124,4,Midwest Completion Belt,2026-05-31,32,12,78,1.37,student_success_signal_v2,"{""model"":""student_success_signal_v2"",""drivers"":[""fall_registration_spike""],""confidence"":""medium"",""alert"":""expand_advising_capacity""}",2026-05-05T16:30:00Z
125,5,Northwest Wellness Corridor,2026-05-31,209,177,245,0.99,student_success_signal_v2,"{""model"":""student_success_signal_v2"",""drivers"":[""retention_alert_cluster""],""confidence"":""high"",""alert"":""increase_success_coach_outreach""}",2026-05-05T16:30:00Z
126,6,Mountain Workforce Pathway,2026-05-31,102,82,147,0.94,student_success_signal_v2,"{""model"":""student_success_signal_v2"",""drivers"":[""course_access_pressure""],""confidence"":""medium"",""alert"":""expand_advising_capacity""}",2026-05-05T16:30:00Z
127,7,Texas Financial Aid Region,2026-05-31,165,153,190,0.88,student_success_signal_v2,"{""model"":""student_success_signal_v2"",""drivers"":[""course_access_pressure""],""confidence"":""high"",""alert"":""reserve_emergency_aid_slots""}",2026-05-05T16:30:00Z
128,8,Florida Transfer Corridor,2026-05-31,59,36,105,1.61,student_success_signal_v2,"{""model"":""student_success_signal_v2"",""drivers"":[""alumni_microgrant_interest""],""confidence"":""medium"",""alert"":""expand_advising_capacity""}",2026-05-05T16:30:00Z
129,9,Arizona Basic Needs Region,2026-05-31,136,111,155,0.94,student_success_signal_v2,"{""model"":""student_success_signal_v2"",""drivers"":[""fall_registration_spike""],""confidence"":""medium"",""alert"":""reserve_emergency_aid_slots""}",2026-05-05T16:30:00Z
130,10,Georgia Student Services Region,2026-05-31,44,12,61,1.25,student_success_signal_v2,"{""model"":""student_success_signal_v2"",""drivers"":[""financial_aid_deadline""],""confidence"":""medium"",""alert"":""reserve_emergency_aid_slots""}",2026-05-05T16:30:00Z
131,11,Boston First-Year Network,2026-05-31,142,119,162,1.05,student_success_signal_v2,"{""model"":""student_success_signal_v2"",""drivers"":[""alumni_microgrant_interest""],""confidence"":""high"",""alert"":""open_course_access_support""}",2026-05-05T16:30:00Z
132,12,Bay Area Online Learning Network,2026-05-31,89,66,119,1.04,student_success_signal_v2,"{""model"":""student_success_signal_v2"",""drivers"":[""fall_registration_spike""],""confidence"":""medium"",""alert"":""expand_advising_capacity""}",2026-05-05T16:30:00Z
133,13,Philadelphia Dual Enrollment Region,2026-05-31,193,161,229,1.49,student_success_signal_v2,"{""model"":""student_success_signal_v2"",""drivers"":[""course_access_pressure""],""confidence"":""high"",""alert"":""reserve_emergency_aid_slots""}",2026-05-05T16:30:00Z
134,14,Houston Workforce Region,2026-05-31,68,43,85,1.59,student_success_signal_v2,"{""model"":""student_success_signal_v2"",""drivers"":[""alumni_microgrant_interest""],""confidence"":""medium"",""alert"":""open_course_access_support""}",2026-05-05T16:30:00Z
135,15,Portland Completion Region,2026-05-31,103,85,148,1.40,student_success_signal_v2,"{""model"":""student_success_signal_v2"",""drivers"":[""financial_aid_deadline""],""confidence"":""medium"",""alert"":""expand_advising_capacity""}",2026-05-05T16:30:00Z
136,16,Sacramento Promise Region,2026-05-31,135,119,180,0.93,student_success_signal_v2,"{""model"":""student_success_signal_v2"",""drivers"":[""retention_alert_cluster""],""confidence"":""medium"",""alert"":""expand_advising_capacity""}",2026-05-05T16:30:00Z
137,17,Denver Advising Region,2026-05-31,102,82,119,1.58,student_success_signal_v2,"{""model"":""student_success_signal_v2"",""drivers"":[""fall_registration_spike""],""confidence"":""medium"",""alert"":""reserve_emergency_aid_slots""}",2026-05-05T16:30:00Z
138,18,Chicago Retention Region,2026-05-31,118,87,165,1.64,student_success_signal_v2,"{""model"":""student_success_signal_v2"",""drivers"":[""fall_registration_spike""],""confidence"":""medium"",""alert"":""increase_success_coach_outreach""}",2026-05-05T16:30:00Z
139,19,Los Angeles Enrollment Region,2026-05-31,207,191,220,1.52,student_success_signal_v2,"{""model"":""student_success_signal_v2"",""drivers"":[""alumni_microgrant_interest""],""confidence"":""high"",""alert"":""reserve_emergency_aid_slots""}",2026-05-05T16:30:00Z
140,20,New York Advancement Region,2026-05-31,216,185,239,1.09,student_success_signal_v2,"{""model"":""student_success_signal_v2"",""drivers"":[""financial_aid_deadline""],""confidence"":""high"",""alert"":""expand_advising_capacity""}",2026-05-05T16:30:00Z
141,21,Northeast Persistence Corridor,2026-05-31,129,96,176,1.62,student_success_signal_v2,"{""model"":""student_success_signal_v2"",""drivers"":[""financial_aid_deadline""],""confidence"":""medium"",""alert"":""expand_advising_capacity""}",2026-05-05T16:30:00Z
142,22,Southern Enrollment and Transfer Region,2026-05-31,173,157,212,1.04,student_success_signal_v2,"{""model"":""student_success_signal_v2"",""drivers"":[""fall_registration_spike""],""confidence"":""high"",""alert"":""open_course_access_support""}",2026-05-05T16:30:00Z
143,23,Pacific Access Region,2026-05-31,114,83,138,1.48,student_success_signal_v2,"{""model"":""student_success_signal_v2"",""drivers"":[""retention_alert_cluster""],""confidence"":""medium"",""alert"":""reserve_emergency_aid_slots""}",2026-05-05T16:30:00Z
144,24,Midwest Completion Belt,2026-05-31,191,180,217,1.07,student_success_signal_v2,"{""model"":""student_success_signal_v2"",""drivers"":[""fall_registration_spike""],""confidence"":""high"",""alert"":""open_course_access_support""}",2026-05-05T16:30:00Z
145,25,Northwest Wellness Corridor,2026-05-31,212,185,258,1.25,student_success_signal_v2,"{""model"":""student_success_signal_v2"",""drivers"":[""financial_aid_deadline""],""confidence"":""high"",""alert"":""expand_advising_capacity""}",2026-05-05T16:30:00Z
146,26,Mountain Workforce Pathway,2026-05-31,131,104,178,1.52,student_success_signal_v2,"{""model"":""student_success_signal_v2"",""drivers"":[""fall_registration_spike""],""confidence"":""medium"",""alert"":""expand_advising_capacity""}",2026-05-05T16:30:00Z
147,27,Texas Financial Aid Region,2026-05-31,220,208,234,1.71,student_success_signal_v2,"{""model"":""student_success_signal_v2"",""drivers"":[""financial_aid_deadline""],""confidence"":""high"",""alert"":""expand_advising_capacity""}",2026-05-05T16:30:00Z
148,28,Florida Transfer Corridor,2026-05-31,130,113,161,1.56,student_success_signal_v2,"{""model"":""student_success_signal_v2"",""drivers"":[""retention_alert_cluster""],""confidence"":""medium"",""alert"":""expand_advising_capacity""}",2026-05-05T16:30:00Z
149,29,Arizona Basic Needs Region,2026-05-31,104,91,124,1.25,student_success_signal_v2,"{""model"":""student_success_signal_v2"",""drivers"":[""alumni_microgrant_interest""],""confidence"":""medium"",""alert"":""reserve_emergency_aid_slots""}",2026-05-05T16:30:00Z
150,30,Georgia Student Services Region,2026-05-31,70,42,107,1.29,student_success_signal_v2,"{""model"":""student_success_signal_v2"",""drivers"":[""financial_aid_deadline""],""confidence"":""medium"",""alert"":""expand_advising_capacity""}",2026-05-05T16:30:00Z
151,31,Boston First-Year Network,2026-05-31,182,148,227,1.00,student_success_signal_v2,"{""model"":""student_success_signal_v2"",""drivers"":[""alumni_microgrant_interest""],""confidence"":""high"",""alert"":""open_course_access_support""}",2026-05-05T16:30:00Z
152,32,Bay Area Online Learning Network,2026-05-31,78,69,100,1.36,student_success_signal_v2,"{""model"":""student_success_signal_v2"",""drivers"":[""fall_registration_spike""],""confidence"":""medium"",""alert"":""expand_advising_capacity""}",2026-05-05T16:30:00Z
153,33,Philadelphia Dual Enrollment Region,2026-05-31,75,57,122,1.49,student_success_signal_v2,"{""model"":""student_success_signal_v2"",""drivers"":[""alumni_microgrant_interest""],""confidence"":""medium"",""alert"":""reserve_emergency_aid_slots""}",2026-05-05T16:30:00Z
154,34,Houston Workforce Region,2026-05-31,158,142,192,1.26,student_success_signal_v2,"{""model"":""student_success_signal_v2"",""drivers"":[""financial_aid_deadline""],""confidence"":""high"",""alert"":""increase_success_coach_outreach""}",2026-05-05T16:30:00Z
155,35,Portland Completion Region,2026-05-31,65,42,103,1.44,student_success_signal_v2,"{""model"":""student_success_signal_v2"",""drivers"":[""fall_registration_spike""],""confidence"":""medium"",""alert"":""open_course_access_support""}",2026-05-05T16:30:00Z
156,36,Sacramento Promise Region,2026-05-31,54,20,70,1.34,student_success_signal_v2,"{""model"":""student_success_signal_v2"",""drivers"":[""financial_aid_deadline""],""confidence"":""medium"",""alert"":""reserve_emergency_aid_slots""}",2026-05-05T16:30:00Z
157,37,Denver Advising Region,2026-05-31,72,41,95,1.08,student_success_signal_v2,"{""model"":""student_success_signal_v2"",""drivers"":[""retention_alert_cluster""],""confidence"":""medium"",""alert"":""reserve_emergency_aid_slots""}",2026-05-05T16:30:00Z
158,38,Chicago Retention Region,2026-05-31,203,183,245,1.64,student_success_signal_v2,"{""model"":""student_success_signal_v2"",""drivers"":[""retention_alert_cluster""],""confidence"":""high"",""alert"":""increase_success_coach_outreach""}",2026-05-05T16:30:00Z
159,39,Los Angeles Enrollment Region,2026-05-31,56,44,91,1.25,student_success_signal_v2,"{""model"":""student_success_signal_v2"",""drivers"":[""retention_alert_cluster""],""confidence"":""medium"",""alert"":""increase_success_coach_outreach""}",2026-05-05T16:30:00Z
160,40,New York Advancement Region,2026-05-31,133,109,157,0.90,student_success_signal_v2,"{""model"":""student_success_signal_v2"",""drivers"":[""retention_alert_cluster""],""confidence"":""medium"",""alert"":""expand_advising_capacity""}",2026-05-05T16:30:00Z
161,41,Northeast Persistence Corridor,2026-05-31,130,100,176,1.39,student_success_signal_v2,"{""model"":""student_success_signal_v2"",""drivers"":[""financial_aid_deadline""],""confidence"":""medium"",""alert"":""open_course_access_support""}",2026-05-05T16:30:00Z
162,42,Southern Enrollment and Transfer Region,2026-05-31,161,152,182,0.98,student_success_signal_v2,"{""model"":""student_success_signal_v2"",""drivers"":[""alumni_microgrant_interest""],""confidence"":""high"",""alert"":""increase_success_coach_outreach""}",2026-05-05T16:30:00Z
163,43,Pacific Access Region,2026-05-31,165,131,182,0.98,student_success_signal_v2,"{""model"":""student_success_signal_v2"",""drivers"":[""retention_alert_cluster""],""confidence"":""high"",""alert"":""reserve_emergency_aid_slots""}",2026-05-05T16:30:00Z
164,44,Midwest Completion Belt,2026-05-31,204,182,228,1.29,student_success_signal_v2,"{""model"":""student_success_signal_v2"",""drivers"":[""retention_alert_cluster""],""confidence"":""high"",""alert"":""increase_success_coach_outreach""}",2026-05-05T16:30:00Z
165,45,Northwest Wellness Corridor,2026-05-31,208,193,223,1.46,student_success_signal_v2,"{""model"":""student_success_signal_v2"",""drivers"":[""fall_registration_spike""],""confidence"":""high"",""alert"":""open_course_access_support""}",2026-05-05T16:30:00Z
166,46,Mountain Workforce Pathway,2026-05-31,145,111,157,1.55,student_success_signal_v2,"{""model"":""student_success_signal_v2"",""drivers"":[""fall_registration_spike""],""confidence"":""high"",""alert"":""increase_success_coach_outreach""}",2026-05-05T16:30:00Z
167,47,Texas Financial Aid Region,2026-05-31,38,13,66,1.20,student_success_signal_v2,"{""model"":""student_success_signal_v2"",""drivers"":[""fall_registration_spike""],""confidence"":""medium"",""alert"":""increase_success_coach_outreach""}",2026-05-05T16:30:00Z
168,48,Florida Transfer Corridor,2026-05-31,60,35,103,0.88,student_success_signal_v2,"{""model"":""student_success_signal_v2"",""drivers"":[""fall_registration_spike""],""confidence"":""medium"",""alert"":""reserve_emergency_aid_slots""}",2026-05-05T16:30:00Z
169,49,Arizona Basic Needs Region,2026-05-31,45,21,63,1.37,student_success_signal_v2,"{""model"":""student_success_signal_v2"",""drivers"":[""alumni_microgrant_interest""],""confidence"":""medium"",""alert"":""open_course_access_support""}",2026-05-05T16:30:00Z
170,50,Georgia Student Services Region,2026-05-31,82,66,126,1.56,student_success_signal_v2,"{""model"":""student_success_signal_v2"",""drivers"":[""alumni_microgrant_interest""],""confidence"":""medium"",""alert"":""reserve_emergency_aid_slots""}",2026-05-05T16:30:00Z
171,51,Boston First-Year Network,2026-05-31,152,137,200,1.55,student_success_signal_v2,"{""model"":""student_success_signal_v2"",""drivers"":[""financial_aid_deadline""],""confidence"":""high"",""alert"":""open_course_access_support""}",2026-05-05T16:30:00Z
172,52,Bay Area Online Learning Network,2026-05-31,200,187,222,1.60,student_success_signal_v2,"{""model"":""student_success_signal_v2"",""drivers"":[""fall_registration_spike""],""confidence"":""high"",""alert"":""increase_success_coach_outreach""}",2026-05-05T16:30:00Z
173,53,Philadelphia Dual Enrollment Region,2026-05-31,97,70,110,1.36,student_success_signal_v2,"{""model"":""student_success_signal_v2"",""drivers"":[""fall_registration_spike""],""confidence"":""medium"",""alert"":""increase_success_coach_outreach""}",2026-05-05T16:30:00Z
174,54,Houston Workforce Region,2026-05-31,162,128,198,0.99,student_success_signal_v2,"{""model"":""student_success_signal_v2"",""drivers"":[""course_access_pressure""],""confidence"":""high"",""alert"":""expand_advising_capacity""}",2026-05-05T16:30:00Z
175,55,Portland Completion Region,2026-05-31,165,149,184,0.94,student_success_signal_v2,"{""model"":""student_success_signal_v2"",""drivers"":[""retention_alert_cluster""],""confidence"":""high"",""alert"":""increase_success_coach_outreach""}",2026-05-05T16:30:00Z
176,56,Sacramento Promise Region,2026-05-31,82,61,104,1.04,student_success_signal_v2,"{""model"":""student_success_signal_v2"",""drivers"":[""retention_alert_cluster""],""confidence"":""medium"",""alert"":""increase_success_coach_outreach""}",2026-05-05T16:30:00Z
177,57,Denver Advising Region,2026-05-31,130,110,165,0.95,student_success_signal_v2,"{""model"":""student_success_signal_v2"",""drivers"":[""alumni_microgrant_interest""],""confidence"":""medium"",""alert"":""reserve_emergency_aid_slots""}",2026-05-05T16:30:00Z
178,58,Chicago Retention Region,2026-05-31,118,99,138,1.16,student_success_signal_v2,"{""model"":""student_success_signal_v2"",""drivers"":[""alumni_microgrant_interest""],""confidence"":""medium"",""alert"":""open_course_access_support""}",2026-05-05T16:30:00Z
179,59,Los Angeles Enrollment Region,2026-05-31,61,41,108,1.25,student_success_signal_v2,"{""model"":""student_success_signal_v2"",""drivers"":[""alumni_microgrant_interest""],""confidence"":""medium"",""alert"":""expand_advising_capacity""}",2026-05-05T16:30:00Z
180,60,New York Advancement Region,2026-05-31,182,156,225,0.96,student_success_signal_v2,"{""model"":""student_success_signal_v2"",""drivers"":[""financial_aid_deadline""],""confidence"":""high"",""alert"":""reserve_emergency_aid_slots""}",2026-05-05T16:30:00Z
181,1,Northeast Persistence Corridor,2026-06-01,94,72,129,1.22,student_success_signal_v2,"{""model"":""student_success_signal_v2"",""drivers"":[""financial_aid_deadline""],""confidence"":""medium"",""alert"":""expand_advising_capacity""}",2026-05-05T16:30:00Z
182,2,Southern Enrollment and Transfer Region,2026-06-01,64,49,112,1.39,student_success_signal_v2,"{""model"":""student_success_signal_v2"",""drivers"":[""retention_alert_cluster""],""confidence"":""medium"",""alert"":""open_course_access_support""}",2026-05-05T16:30:00Z
183,3,Pacific Access Region,2026-06-01,171,153,200,1.19,student_success_signal_v2,"{""model"":""student_success_signal_v2"",""drivers"":[""fall_registration_spike""],""confidence"":""high"",""alert"":""open_course_access_support""}",2026-05-05T16:30:00Z
184,4,Midwest Completion Belt,2026-06-01,25,17,52,1.43,student_success_signal_v2,"{""model"":""student_success_signal_v2"",""drivers"":[""financial_aid_deadline""],""confidence"":""medium"",""alert"":""reserve_emergency_aid_slots""}",2026-05-05T16:30:00Z
185,5,Northwest Wellness Corridor,2026-06-01,166,136,208,1.63,student_success_signal_v2,"{""model"":""student_success_signal_v2"",""drivers"":[""financial_aid_deadline""],""confidence"":""high"",""alert"":""expand_advising_capacity""}",2026-05-05T16:30:00Z
186,6,Mountain Workforce Pathway,2026-06-01,25,1,49,1.38,student_success_signal_v2,"{""model"":""student_success_signal_v2"",""drivers"":[""retention_alert_cluster""],""confidence"":""medium"",""alert"":""increase_success_coach_outreach""}",2026-05-05T16:30:00Z
187,7,Texas Financial Aid Region,2026-06-01,129,112,171,1.71,student_success_signal_v2,"{""model"":""student_success_signal_v2"",""drivers"":[""financial_aid_deadline""],""confidence"":""medium"",""alert"":""reserve_emergency_aid_slots""}",2026-05-05T16:30:00Z
188,8,Florida Transfer Corridor,2026-06-01,116,97,162,1.30,student_success_signal_v2,"{""model"":""student_success_signal_v2"",""drivers"":[""alumni_microgrant_interest""],""confidence"":""medium"",""alert"":""reserve_emergency_aid_slots""}",2026-05-05T16:30:00Z
189,9,Arizona Basic Needs Region,2026-06-01,215,197,235,1.41,student_success_signal_v2,"{""model"":""student_success_signal_v2"",""drivers"":[""financial_aid_deadline""],""confidence"":""high"",""alert"":""increase_success_coach_outreach""}",2026-05-05T16:30:00Z
190,10,Georgia Student Services Region,2026-06-01,169,142,208,1.28,student_success_signal_v2,"{""model"":""student_success_signal_v2"",""drivers"":[""course_access_pressure""],""confidence"":""high"",""alert"":""reserve_emergency_aid_slots""}",2026-05-05T16:30:00Z
191,11,Boston First-Year Network,2026-06-01,151,122,175,1.52,student_success_signal_v2,"{""model"":""student_success_signal_v2"",""drivers"":[""alumni_microgrant_interest""],""confidence"":""high"",""alert"":""open_course_access_support""}",2026-05-05T16:30:00Z
192,12,Bay Area Online Learning Network,2026-06-01,141,129,155,1.70,student_success_signal_v2,"{""model"":""student_success_signal_v2"",""drivers"":[""financial_aid_deadline""],""confidence"":""high"",""alert"":""reserve_emergency_aid_slots""}",2026-05-05T16:30:00Z
193,13,Philadelphia Dual Enrollment Region,2026-06-01,114,85,144,1.21,student_success_signal_v2,"{""model"":""student_success_signal_v2"",""drivers"":[""fall_registration_spike""],""confidence"":""medium"",""alert"":""open_course_access_support""}",2026-05-05T16:30:00Z
194,14,Houston Workforce Region,2026-06-01,72,38,108,1.25,student_success_signal_v2,"{""model"":""student_success_signal_v2"",""drivers"":[""alumni_microgrant_interest""],""confidence"":""medium"",""alert"":""reserve_emergency_aid_slots""}",2026-05-05T16:30:00Z
195,15,Portland Completion Region,2026-06-01,197,167,211,1.62,student_success_signal_v2,"{""model"":""student_success_signal_v2"",""drivers"":[""financial_aid_deadline""],""confidence"":""high"",""alert"":""expand_advising_capacity""}",2026-05-05T16:30:00Z
196,16,Sacramento Promise Region,2026-06-01,75,48,92,1.14,student_success_signal_v2,"{""model"":""student_success_signal_v2"",""drivers"":[""financial_aid_deadline""],""confidence"":""medium"",""alert"":""increase_success_coach_outreach""}",2026-05-05T16:30:00Z
197,17,Denver Advising Region,2026-06-01,200,175,248,1.64,student_success_signal_v2,"{""model"":""student_success_signal_v2"",""drivers"":[""course_access_pressure""],""confidence"":""high"",""alert"":""expand_advising_capacity""}",2026-05-05T16:30:00Z
198,18,Chicago Retention Region,2026-06-01,37,24,69,1.51,student_success_signal_v2,"{""model"":""student_success_signal_v2"",""drivers"":[""alumni_microgrant_interest""],""confidence"":""medium"",""alert"":""increase_success_coach_outreach""}",2026-05-05T16:30:00Z
199,19,Los Angeles Enrollment Region,2026-06-01,192,161,235,1.04,student_success_signal_v2,"{""model"":""student_success_signal_v2"",""drivers"":[""course_access_pressure""],""confidence"":""high"",""alert"":""open_course_access_support""}",2026-05-05T16:30:00Z
200,20,New York Advancement Region,2026-06-01,100,85,140,1.66,student_success_signal_v2,"{""model"":""student_success_signal_v2"",""drivers"":[""alumni_microgrant_interest""],""confidence"":""medium"",""alert"":""expand_advising_capacity""}",2026-05-05T16:30:00Z
201,21,Northeast Persistence Corridor,2026-06-01,94,83,115,1.31,student_success_signal_v2,"{""model"":""student_success_signal_v2"",""drivers"":[""alumni_microgrant_interest""],""confidence"":""medium"",""alert"":""reserve_emergency_aid_slots""}",2026-05-05T16:30:00Z
202,22,Southern Enrollment and Transfer Region,2026-06-01,91,80,136,1.69,student_success_signal_v2,"{""model"":""student_success_signal_v2"",""drivers"":[""retention_alert_cluster""],""confidence"":""medium"",""alert"":""increase_success_coach_outreach""}",2026-05-05T16:30:00Z
203,23,Pacific Access Region,2026-06-01,81,53,105,1.24,student_success_signal_v2,"{""model"":""student_success_signal_v2"",""drivers"":[""alumni_microgrant_interest""],""confidence"":""medium"",""alert"":""open_course_access_support""}",2026-05-05T16:30:00Z
204,24,Midwest Completion Belt,2026-06-01,166,153,201,1.36,student_success_signal_v2,"{""model"":""student_success_signal_v2"",""drivers"":[""alumni_microgrant_interest""],""confidence"":""high"",""alert"":""increase_success_coach_outreach""}",2026-05-05T16:30:00Z
205,25,Northwest Wellness Corridor,2026-06-01,179,167,206,1.67,student_success_signal_v2,"{""model"":""student_success_signal_v2"",""drivers"":[""retention_alert_cluster""],""confidence"":""high"",""alert"":""open_course_access_support""}",2026-05-05T16:30:00Z
206,26,Mountain Workforce Pathway,2026-06-01,209,194,229,1.02,student_success_signal_v2,"{""model"":""student_success_signal_v2"",""drivers"":[""course_access_pressure""],""confidence"":""high"",""alert"":""open_course_access_support""}",2026-05-05T16:30:00Z
207,27,Texas Financial Aid Region,2026-06-01,135,104,175,0.99,student_success_signal_v2,"{""model"":""student_success_signal_v2"",""drivers"":[""course_access_pressure""],""confidence"":""medium"",""alert"":""reserve_emergency_aid_slots""}",2026-05-05T16:30:00Z
208,28,Florida Transfer Corridor,2026-06-01,66,56,91,1.52,student_success_signal_v2,"{""model"":""student_success_signal_v2"",""drivers"":[""course_access_pressure""],""confidence"":""medium"",""alert"":""increase_success_coach_outreach""}",2026-05-05T16:30:00Z
209,29,Arizona Basic Needs Region,2026-06-01,69,55,96,1.51,student_success_signal_v2,"{""model"":""student_success_signal_v2"",""drivers"":[""retention_alert_cluster""],""confidence"":""medium"",""alert"":""expand_advising_capacity""}",2026-05-05T16:30:00Z
210,30,Georgia Student Services Region,2026-06-01,149,135,188,1.34,student_success_signal_v2,"{""model"":""student_success_signal_v2"",""drivers"":[""alumni_microgrant_interest""],""confidence"":""high"",""alert"":""reserve_emergency_aid_slots""}",2026-05-05T16:30:00Z
211,31,Boston First-Year Network,2026-06-01,172,151,218,1.48,student_success_signal_v2,"{""model"":""student_success_signal_v2"",""drivers"":[""alumni_microgrant_interest""],""confidence"":""high"",""alert"":""increase_success_coach_outreach""}",2026-05-05T16:30:00Z
212,32,Bay Area Online Learning Network,2026-06-01,102,87,115,1.16,student_success_signal_v2,"{""model"":""student_success_signal_v2"",""drivers"":[""course_access_pressure""],""confidence"":""medium"",""alert"":""reserve_emergency_aid_slots""}",2026-05-05T16:30:00Z
213,33,Philadelphia Dual Enrollment Region,2026-06-01,63,50,83,1.25,student_success_signal_v2,"{""model"":""student_success_signal_v2"",""drivers"":[""course_access_pressure""],""confidence"":""medium"",""alert"":""increase_success_coach_outreach""}",2026-05-05T16:30:00Z
214,34,Houston Workforce Region,2026-06-01,202,182,224,1.07,student_success_signal_v2,"{""model"":""student_success_signal_v2"",""drivers"":[""retention_alert_cluster""],""confidence"":""high"",""alert"":""open_course_access_support""}",2026-05-05T16:30:00Z
215,35,Portland Completion Region,2026-06-01,45,11,81,1.47,student_success_signal_v2,"{""model"":""student_success_signal_v2"",""drivers"":[""retention_alert_cluster""],""confidence"":""medium"",""alert"":""increase_success_coach_outreach""}",2026-05-05T16:30:00Z
216,36,Sacramento Promise Region,2026-06-01,189,171,231,1.42,student_success_signal_v2,"{""model"":""student_success_signal_v2"",""drivers"":[""alumni_microgrant_interest""],""confidence"":""high"",""alert"":""reserve_emergency_aid_slots""}",2026-05-05T16:30:00Z
217,37,Denver Advising Region,2026-06-01,210,190,253,1.10,student_success_signal_v2,"{""model"":""student_success_signal_v2"",""drivers"":[""course_access_pressure""],""confidence"":""high"",""alert"":""expand_advising_capacity""}",2026-05-05T16:30:00Z
218,38,Chicago Retention Region,2026-06-01,78,49,112,1.04,student_success_signal_v2,"{""model"":""student_success_signal_v2"",""drivers"":[""retention_alert_cluster""],""confidence"":""medium"",""alert"":""expand_advising_capacity""}",2026-05-05T16:30:00Z
219,39,Los Angeles Enrollment Region,2026-06-01,71,44,112,1.13,student_success_signal_v2,"{""model"":""student_success_signal_v2"",""drivers"":[""fall_registration_spike""],""confidence"":""medium"",""alert"":""reserve_emergency_aid_slots""}",2026-05-05T16:30:00Z
220,40,New York Advancement Region,2026-06-01,50,24,62,1.44,student_success_signal_v2,"{""model"":""student_success_signal_v2"",""drivers"":[""alumni_microgrant_interest""],""confidence"":""medium"",""alert"":""expand_advising_capacity""}",2026-05-05T16:30:00Z
221,41,Northeast Persistence Corridor,2026-06-01,210,183,250,1.10,student_success_signal_v2,"{""model"":""student_success_signal_v2"",""drivers"":[""financial_aid_deadline""],""confidence"":""high"",""alert"":""reserve_emergency_aid_slots""}",2026-05-05T16:30:00Z
222,42,Southern Enrollment and Transfer Region,2026-06-01,179,165,191,1.03,student_success_signal_v2,"{""model"":""student_success_signal_v2"",""drivers"":[""retention_alert_cluster""],""confidence"":""high"",""alert"":""reserve_emergency_aid_slots""}",2026-05-05T16:30:00Z
223,43,Pacific Access Region,2026-06-01,207,191,244,0.93,student_success_signal_v2,"{""model"":""student_success_signal_v2"",""drivers"":[""course_access_pressure""],""confidence"":""high"",""alert"":""expand_advising_capacity""}",2026-05-05T16:30:00Z
224,44,Midwest Completion Belt,2026-06-01,40,13,72,1.02,student_success_signal_v2,"{""model"":""student_success_signal_v2"",""drivers"":[""alumni_microgrant_interest""],""confidence"":""medium"",""alert"":""expand_advising_capacity""}",2026-05-05T16:30:00Z
225,45,Northwest Wellness Corridor,2026-06-01,182,171,200,0.97,student_success_signal_v2,"{""model"":""student_success_signal_v2"",""drivers"":[""course_access_pressure""],""confidence"":""high"",""alert"":""expand_advising_capacity""}",2026-05-05T16:30:00Z
226,46,Mountain Workforce Pathway,2026-06-01,146,133,176,0.89,student_success_signal_v2,"{""model"":""student_success_signal_v2"",""drivers"":[""alumni_microgrant_interest""],""confidence"":""high"",""alert"":""reserve_emergency_aid_slots""}",2026-05-05T16:30:00Z
227,47,Texas Financial Aid Region,2026-06-01,74,50,118,1.55,student_success_signal_v2,"{""model"":""student_success_signal_v2"",""drivers"":[""financial_aid_deadline""],""confidence"":""medium"",""alert"":""increase_success_coach_outreach""}",2026-05-05T16:30:00Z
228,48,Florida Transfer Corridor,2026-06-01,90,68,135,1.64,student_success_signal_v2,"{""model"":""student_success_signal_v2"",""drivers"":[""fall_registration_spike""],""confidence"":""medium"",""alert"":""expand_advising_capacity""}",2026-05-05T16:30:00Z
229,49,Arizona Basic Needs Region,2026-06-01,121,97,137,1.60,student_success_signal_v2,"{""model"":""student_success_signal_v2"",""drivers"":[""alumni_microgrant_interest""],""confidence"":""medium"",""alert"":""increase_success_coach_outreach""}",2026-05-05T16:30:00Z
230,50,Georgia Student Services Region,2026-06-01,205,185,252,1.64,student_success_signal_v2,"{""model"":""student_success_signal_v2"",""drivers"":[""alumni_microgrant_interest""],""confidence"":""high"",""alert"":""expand_advising_capacity""}",2026-05-05T16:30:00Z
231,51,Boston First-Year Network,2026-06-01,142,112,157,1.45,student_success_signal_v2,"{""model"":""student_success_signal_v2"",""drivers"":[""retention_alert_cluster""],""confidence"":""high"",""alert"":""increase_success_coach_outreach""}",2026-05-05T16:30:00Z
232,52,Bay Area Online Learning Network,2026-06-01,196,170,225,0.94,student_success_signal_v2,"{""model"":""student_success_signal_v2"",""drivers"":[""financial_aid_deadline""],""confidence"":""high"",""alert"":""open_course_access_support""}",2026-05-05T16:30:00Z
233,53,Philadelphia Dual Enrollment Region,2026-06-01,114,94,142,1.63,student_success_signal_v2,"{""model"":""student_success_signal_v2"",""drivers"":[""course_access_pressure""],""confidence"":""medium"",""alert"":""open_course_access_support""}",2026-05-05T16:30:00Z
234,54,Houston Workforce Region,2026-06-01,97,79,123,1.02,student_success_signal_v2,"{""model"":""student_success_signal_v2"",""drivers"":[""fall_registration_spike""],""confidence"":""medium"",""alert"":""reserve_emergency_aid_slots""}",2026-05-05T16:30:00Z
235,55,Portland Completion Region,2026-06-01,70,49,117,1.13,student_success_signal_v2,"{""model"":""student_success_signal_v2"",""drivers"":[""alumni_microgrant_interest""],""confidence"":""medium"",""alert"":""increase_success_coach_outreach""}",2026-05-05T16:30:00Z
236,56,Sacramento Promise Region,2026-06-01,38,7,66,0.97,student_success_signal_v2,"{""model"":""student_success_signal_v2"",""drivers"":[""alumni_microgrant_interest""],""confidence"":""medium"",""alert"":""open_course_access_support""}",2026-05-05T16:30:00Z
237,57,Denver Advising Region,2026-06-01,124,108,143,0.94,student_success_signal_v2,"{""model"":""student_success_signal_v2"",""drivers"":[""financial_aid_deadline""],""confidence"":""medium"",""alert"":""open_course_access_support""}",2026-05-05T16:30:00Z
238,58,Chicago Retention Region,2026-06-01,131,107,162,1.43,student_success_signal_v2,"{""model"":""student_success_signal_v2"",""drivers"":[""course_access_pressure""],""confidence"":""medium"",""alert"":""reserve_emergency_aid_slots""}",2026-05-05T16:30:00Z
239,59,Los Angeles Enrollment Region,2026-06-01,209,200,235,1.13,student_success_signal_v2,"{""model"":""student_success_signal_v2"",""drivers"":[""fall_registration_spike""],""confidence"":""high"",""alert"":""increase_success_coach_outreach""}",2026-05-05T16:30:00Z
240,60,New York Advancement Region,2026-06-01,164,133,194,1.09,student_success_signal_v2,"{""model"":""student_success_signal_v2"",""drivers"":[""retention_alert_cluster""],""confidence"":""high"",""alert"":""increase_success_coach_outreach""}",2026-05-05T16:30:00Z
241,1,Northeast Persistence Corridor,2026-06-02,92,76,134,1.47,student_success_signal_v2,"{""model"":""student_success_signal_v2"",""drivers"":[""fall_registration_spike""],""confidence"":""medium"",""alert"":""reserve_emergency_aid_slots""}",2026-05-05T16:30:00Z
242,2,Southern Enrollment and Transfer Region,2026-06-02,46,20,94,1.25,student_success_signal_v2,"{""model"":""student_success_signal_v2"",""drivers"":[""alumni_microgrant_interest""],""confidence"":""medium"",""alert"":""open_course_access_support""}",2026-05-05T16:30:00Z
243,3,Pacific Access Region,2026-06-02,159,130,186,1.06,student_success_signal_v2,"{""model"":""student_success_signal_v2"",""drivers"":[""fall_registration_spike""],""confidence"":""high"",""alert"":""open_course_access_support""}",2026-05-05T16:30:00Z
244,4,Midwest Completion Belt,2026-06-02,120,89,158,0.94,student_success_signal_v2,"{""model"":""student_success_signal_v2"",""drivers"":[""fall_registration_spike""],""confidence"":""medium"",""alert"":""open_course_access_support""}",2026-05-05T16:30:00Z
245,5,Northwest Wellness Corridor,2026-06-02,78,52,113,1.48,student_success_signal_v2,"{""model"":""student_success_signal_v2"",""drivers"":[""fall_registration_spike""],""confidence"":""medium"",""alert"":""increase_success_coach_outreach""}",2026-05-05T16:30:00Z
246,6,Mountain Workforce Pathway,2026-06-02,187,176,201,1.65,student_success_signal_v2,"{""model"":""student_success_signal_v2"",""drivers"":[""fall_registration_spike""],""confidence"":""high"",""alert"":""expand_advising_capacity""}",2026-05-05T16:30:00Z
247,7,Texas Financial Aid Region,2026-06-02,88,77,112,1.03,student_success_signal_v2,"{""model"":""student_success_signal_v2"",""drivers"":[""retention_alert_cluster""],""confidence"":""medium"",""alert"":""open_course_access_support""}",2026-05-05T16:30:00Z
248,8,Florida Transfer Corridor,2026-06-02,215,200,261,1.40,student_success_signal_v2,"{""model"":""student_success_signal_v2"",""drivers"":[""alumni_microgrant_interest""],""confidence"":""high"",""alert"":""open_course_access_support""}",2026-05-05T16:30:00Z
249,9,Arizona Basic Needs Region,2026-06-02,29,15,44,1.21,student_success_signal_v2,"{""model"":""student_success_signal_v2"",""drivers"":[""retention_alert_cluster""],""confidence"":""medium"",""alert"":""open_course_access_support""}",2026-05-05T16:30:00Z
250,10,Georgia Student Services Region,2026-06-02,99,65,129,1.47,student_success_signal_v2,"{""model"":""student_success_signal_v2"",""drivers"":[""alumni_microgrant_interest""],""confidence"":""medium"",""alert"":""open_course_access_support""}",2026-05-05T16:30:00Z
251,11,Boston First-Year Network,2026-06-02,27,12,45,1.56,student_success_signal_v2,"{""model"":""student_success_signal_v2"",""drivers"":[""financial_aid_deadline""],""confidence"":""medium"",""alert"":""reserve_emergency_aid_slots""}",2026-05-05T16:30:00Z
252,12,Bay Area Online Learning Network,2026-06-02,27,10,71,1.06,student_success_signal_v2,"{""model"":""student_success_signal_v2"",""drivers"":[""alumni_microgrant_interest""],""confidence"":""medium"",""alert"":""expand_advising_capacity""}",2026-05-05T16:30:00Z
253,13,Philadelphia Dual Enrollment Region,2026-06-02,42,25,54,1.33,student_success_signal_v2,"{""model"":""student_success_signal_v2"",""drivers"":[""retention_alert_cluster""],""confidence"":""medium"",""alert"":""reserve_emergency_aid_slots""}",2026-05-05T16:30:00Z
254,14,Houston Workforce Region,2026-06-02,86,71,134,1.28,student_success_signal_v2,"{""model"":""student_success_signal_v2"",""drivers"":[""retention_alert_cluster""],""confidence"":""medium"",""alert"":""increase_success_coach_outreach""}",2026-05-05T16:30:00Z
255,15,Portland Completion Region,2026-06-02,200,185,232,1.46,student_success_signal_v2,"{""model"":""student_success_signal_v2"",""drivers"":[""financial_aid_deadline""],""confidence"":""high"",""alert"":""open_course_access_support""}",2026-05-05T16:30:00Z
256,16,Sacramento Promise Region,2026-06-02,29,18,77,1.43,student_success_signal_v2,"{""model"":""student_success_signal_v2"",""drivers"":[""course_access_pressure""],""confidence"":""medium"",""alert"":""open_course_access_support""}",2026-05-05T16:30:00Z
257,17,Denver Advising Region,2026-06-02,216,183,256,1.25,student_success_signal_v2,"{""model"":""student_success_signal_v2"",""drivers"":[""course_access_pressure""],""confidence"":""high"",""alert"":""open_course_access_support""}",2026-05-05T16:30:00Z
258,18,Chicago Retention Region,2026-06-02,97,80,117,0.96,student_success_signal_v2,"{""model"":""student_success_signal_v2"",""drivers"":[""retention_alert_cluster""],""confidence"":""medium"",""alert"":""open_course_access_support""}",2026-05-05T16:30:00Z
259,19,Los Angeles Enrollment Region,2026-06-02,197,176,216,1.70,student_success_signal_v2,"{""model"":""student_success_signal_v2"",""drivers"":[""fall_registration_spike""],""confidence"":""high"",""alert"":""open_course_access_support""}",2026-05-05T16:30:00Z
260,20,New York Advancement Region,2026-06-02,167,140,189,1.55,student_success_signal_v2,"{""model"":""student_success_signal_v2"",""drivers"":[""course_access_pressure""],""confidence"":""high"",""alert"":""expand_advising_capacity""}",2026-05-05T16:30:00Z
261,21,Northeast Persistence Corridor,2026-06-02,56,31,102,1.64,student_success_signal_v2,"{""model"":""student_success_signal_v2"",""drivers"":[""financial_aid_deadline""],""confidence"":""medium"",""alert"":""reserve_emergency_aid_slots""}",2026-05-05T16:30:00Z
262,22,Southern Enrollment and Transfer Region,2026-06-02,41,10,65,1.39,student_success_signal_v2,"{""model"":""student_success_signal_v2"",""drivers"":[""fall_registration_spike""],""confidence"":""medium"",""alert"":""expand_advising_capacity""}",2026-05-05T16:30:00Z
263,23,Pacific Access Region,2026-06-02,143,109,159,1.56,student_success_signal_v2,"{""model"":""student_success_signal_v2"",""drivers"":[""fall_registration_spike""],""confidence"":""high"",""alert"":""open_course_access_support""}",2026-05-05T16:30:00Z
264,24,Midwest Completion Belt,2026-06-02,190,180,204,1.37,student_success_signal_v2,"{""model"":""student_success_signal_v2"",""drivers"":[""financial_aid_deadline""],""confidence"":""high"",""alert"":""increase_success_coach_outreach""}",2026-05-05T16:30:00Z
265,25,Northwest Wellness Corridor,2026-06-02,150,138,196,1.15,student_success_signal_v2,"{""model"":""student_success_signal_v2"",""drivers"":[""fall_registration_spike""],""confidence"":""high"",""alert"":""expand_advising_capacity""}",2026-05-05T16:30:00Z
266,26,Mountain Workforce Pathway,2026-06-02,167,137,183,1.58,student_success_signal_v2,"{""model"":""student_success_signal_v2"",""drivers"":[""course_access_pressure""],""confidence"":""high"",""alert"":""reserve_emergency_aid_slots""}",2026-05-05T16:30:00Z
267,27,Texas Financial Aid Region,2026-06-02,186,162,207,1.39,student_success_signal_v2,"{""model"":""student_success_signal_v2"",""drivers"":[""financial_aid_deadline""],""confidence"":""high"",""alert"":""expand_advising_capacity""}",2026-05-05T16:30:00Z
268,28,Florida Transfer Corridor,2026-06-02,205,189,248,1.64,student_success_signal_v2,"{""model"":""student_success_signal_v2"",""drivers"":[""retention_alert_cluster""],""confidence"":""high"",""alert"":""open_course_access_support""}",2026-05-05T16:30:00Z
269,29,Arizona Basic Needs Region,2026-06-02,187,164,228,1.64,student_success_signal_v2,"{""model"":""student_success_signal_v2"",""drivers"":[""course_access_pressure""],""confidence"":""high"",""alert"":""expand_advising_capacity""}",2026-05-05T16:30:00Z
270,30,Georgia Student Services Region,2026-06-02,105,72,118,1.13,student_success_signal_v2,"{""model"":""student_success_signal_v2"",""drivers"":[""course_access_pressure""],""confidence"":""medium"",""alert"":""reserve_emergency_aid_slots""}",2026-05-05T16:30:00Z
271,31,Boston First-Year Network,2026-06-02,212,190,239,1.67,student_success_signal_v2,"{""model"":""student_success_signal_v2"",""drivers"":[""alumni_microgrant_interest""],""confidence"":""high"",""alert"":""expand_advising_capacity""}",2026-05-05T16:30:00Z
272,32,Bay Area Online Learning Network,2026-06-02,194,185,210,1.41,student_success_signal_v2,"{""model"":""student_success_signal_v2"",""drivers"":[""alumni_microgrant_interest""],""confidence"":""high"",""alert"":""expand_advising_capacity""}",2026-05-05T16:30:00Z
273,33,Philadelphia Dual Enrollment Region,2026-06-02,46,21,62,1.53,student_success_signal_v2,"{""model"":""student_success_signal_v2"",""drivers"":[""retention_alert_cluster""],""confidence"":""medium"",""alert"":""open_course_access_support""}",2026-05-05T16:30:00Z
274,34,Houston Workforce Region,2026-06-02,40,23,69,1.50,student_success_signal_v2,"{""model"":""student_success_signal_v2"",""drivers"":[""retention_alert_cluster""],""confidence"":""medium"",""alert"":""increase_success_coach_outreach""}",2026-05-05T16:30:00Z
275,35,Portland Completion Region,2026-06-02,128,117,158,1.47,student_success_signal_v2,"{""model"":""student_success_signal_v2"",""drivers"":[""financial_aid_deadline""],""confidence"":""medium"",""alert"":""increase_success_coach_outreach""}",2026-05-05T16:30:00Z
276,36,Sacramento Promise Region,2026-06-02,24,4,47,1.40,student_success_signal_v2,"{""model"":""student_success_signal_v2"",""drivers"":[""course_access_pressure""],""confidence"":""medium"",""alert"":""increase_success_coach_outreach""}",2026-05-05T16:30:00Z
277,37,Denver Advising Region,2026-06-02,145,130,189,1.03,student_success_signal_v2,"{""model"":""student_success_signal_v2"",""drivers"":[""alumni_microgrant_interest""],""confidence"":""high"",""alert"":""reserve_emergency_aid_slots""}",2026-05-05T16:30:00Z
278,38,Chicago Retention Region,2026-06-02,135,111,180,0.97,student_success_signal_v2,"{""model"":""student_success_signal_v2"",""drivers"":[""alumni_microgrant_interest""],""confidence"":""medium"",""alert"":""open_course_access_support""}",2026-05-05T16:30:00Z
279,39,Los Angeles Enrollment Region,2026-06-02,30,7,66,1.65,student_success_signal_v2,"{""model"":""student_success_signal_v2"",""drivers"":[""fall_registration_spike""],""confidence"":""medium"",""alert"":""increase_success_coach_outreach""}",2026-05-05T16:30:00Z
280,40,New York Advancement Region,2026-06-02,177,161,190,1.63,student_success_signal_v2,"{""model"":""student_success_signal_v2"",""drivers"":[""course_access_pressure""],""confidence"":""high"",""alert"":""increase_success_coach_outreach""}",2026-05-05T16:30:00Z
281,41,Northeast Persistence Corridor,2026-06-02,139,107,173,1.63,student_success_signal_v2,"{""model"":""student_success_signal_v2"",""drivers"":[""course_access_pressure""],""confidence"":""medium"",""alert"":""increase_success_coach_outreach""}",2026-05-05T16:30:00Z
282,42,Southern Enrollment and Transfer Region,2026-06-02,44,16,59,1.21,student_success_signal_v2,"{""model"":""student_success_signal_v2"",""drivers"":[""financial_aid_deadline""],""confidence"":""medium"",""alert"":""open_course_access_support""}",2026-05-05T16:30:00Z
283,43,Pacific Access Region,2026-06-02,43,30,62,1.03,student_success_signal_v2,"{""model"":""student_success_signal_v2"",""drivers"":[""course_access_pressure""],""confidence"":""medium"",""alert"":""reserve_emergency_aid_slots""}",2026-05-05T16:30:00Z
284,44,Midwest Completion Belt,2026-06-02,43,16,60,1.26,student_success_signal_v2,"{""model"":""student_success_signal_v2"",""drivers"":[""retention_alert_cluster""],""confidence"":""medium"",""alert"":""open_course_access_support""}",2026-05-05T16:30:00Z
285,45,Northwest Wellness Corridor,2026-06-02,27,1,70,1.12,student_success_signal_v2,"{""model"":""student_success_signal_v2"",""drivers"":[""course_access_pressure""],""confidence"":""medium"",""alert"":""expand_advising_capacity""}",2026-05-05T16:30:00Z
286,46,Mountain Workforce Pathway,2026-06-02,183,154,198,0.99,student_success_signal_v2,"{""model"":""student_success_signal_v2"",""drivers"":[""financial_aid_deadline""],""confidence"":""high"",""alert"":""open_course_access_support""}",2026-05-05T16:30:00Z
287,47,Texas Financial Aid Region,2026-06-02,48,15,66,1.71,student_success_signal_v2,"{""model"":""student_success_signal_v2"",""drivers"":[""retention_alert_cluster""],""confidence"":""medium"",""alert"":""open_course_access_support""}",2026-05-05T16:30:00Z
288,48,Florida Transfer Corridor,2026-06-02,199,179,229,1.66,student_success_signal_v2,"{""model"":""student_success_signal_v2"",""drivers"":[""retention_alert_cluster""],""confidence"":""high"",""alert"":""expand_advising_capacity""}",2026-05-05T16:30:00Z
289,49,Arizona Basic Needs Region,2026-06-02,196,188,221,1.61,student_success_signal_v2,"{""model"":""student_success_signal_v2"",""drivers"":[""course_access_pressure""],""confidence"":""high"",""alert"":""reserve_emergency_aid_slots""}",2026-05-05T16:30:00Z
290,50,Georgia Student Services Region,2026-06-02,166,148,201,1.07,student_success_signal_v2,"{""model"":""student_success_signal_v2"",""drivers"":[""retention_alert_cluster""],""confidence"":""high"",""alert"":""open_course_access_support""}",2026-05-05T16:30:00Z
291,51,Boston First-Year Network,2026-06-02,152,124,164,1.71,student_success_signal_v2,"{""model"":""student_success_signal_v2"",""drivers"":[""fall_registration_spike""],""confidence"":""high"",""alert"":""open_course_access_support""}",2026-05-05T16:30:00Z
292,52,Bay Area Online Learning Network,2026-06-02,149,130,167,0.94,student_success_signal_v2,"{""model"":""student_success_signal_v2"",""drivers"":[""fall_registration_spike""],""confidence"":""high"",""alert"":""reserve_emergency_aid_slots""}",2026-05-05T16:30:00Z
293,53,Philadelphia Dual Enrollment Region,2026-06-02,177,153,192,1.65,student_success_signal_v2,"{""model"":""student_success_signal_v2"",""drivers"":[""course_access_pressure""],""confidence"":""high"",""alert"":""reserve_emergency_aid_slots""}",2026-05-05T16:30:00Z
294,54,Houston Workforce Region,2026-06-02,93,73,120,1.02,student_success_signal_v2,"{""model"":""student_success_signal_v2"",""drivers"":[""alumni_microgrant_interest""],""confidence"":""medium"",""alert"":""expand_advising_capacity""}",2026-05-05T16:30:00Z
295,55,Portland Completion Region,2026-06-02,164,137,192,0.96,student_success_signal_v2,"{""model"":""student_success_signal_v2"",""drivers"":[""retention_alert_cluster""],""confidence"":""high"",""alert"":""reserve_emergency_aid_slots""}",2026-05-05T16:30:00Z
296,56,Sacramento Promise Region,2026-06-02,54,44,90,1.02,student_success_signal_v2,"{""model"":""student_success_signal_v2"",""drivers"":[""retention_alert_cluster""],""confidence"":""medium"",""alert"":""expand_advising_capacity""}",2026-05-05T16:30:00Z
297,57,Denver Advising Region,2026-06-02,113,96,151,0.98,student_success_signal_v2,"{""model"":""student_success_signal_v2"",""drivers"":[""course_access_pressure""],""confidence"":""medium"",""alert"":""open_course_access_support""}",2026-05-05T16:30:00Z
298,58,Chicago Retention Region,2026-06-02,168,137,196,1.56,student_success_signal_v2,"{""model"":""student_success_signal_v2"",""drivers"":[""alumni_microgrant_interest""],""confidence"":""high"",""alert"":""open_course_access_support""}",2026-05-05T16:30:00Z
299,59,Los Angeles Enrollment Region,2026-06-02,56,37,75,1.05,student_success_signal_v2,"{""model"":""student_success_signal_v2"",""drivers"":[""financial_aid_deadline""],""confidence"":""medium"",""alert"":""reserve_emergency_aid_slots""}",2026-05-05T16:30:00Z
300,60,New York Advancement Region,2026-06-02,118,103,145,0.99,student_success_signal_v2,"{""model"":""student_success_signal_v2"",""drivers"":[""financial_aid_deadline""],""confidence"":""medium"",""alert"":""reserve_emergency_aid_slots""}",2026-05-05T16:30:00Z
301,1,Northeast Persistence Corridor,2026-06-03,98,89,110,1.00,student_success_signal_v2,"{""model"":""student_success_signal_v2"",""drivers"":[""retention_alert_cluster""],""confidence"":""medium"",""alert"":""reserve_emergency_aid_slots""}",2026-05-05T16:30:00Z
302,2,Southern Enrollment and Transfer Region,2026-06-03,144,130,191,1.19,student_success_signal_v2,"{""model"":""student_success_signal_v2"",""drivers"":[""fall_registration_spike""],""confidence"":""high"",""alert"":""reserve_emergency_aid_slots""}",2026-05-05T16:30:00Z
303,3,Pacific Access Region,2026-06-03,139,121,176,0.89,student_success_signal_v2,"{""model"":""student_success_signal_v2"",""drivers"":[""retention_alert_cluster""],""confidence"":""medium"",""alert"":""reserve_emergency_aid_slots""}",2026-05-05T16:30:00Z
304,4,Midwest Completion Belt,2026-06-03,168,140,200,1.61,student_success_signal_v2,"{""model"":""student_success_signal_v2"",""drivers"":[""fall_registration_spike""],""confidence"":""high"",""alert"":""reserve_emergency_aid_slots""}",2026-05-05T16:30:00Z
305,5,Northwest Wellness Corridor,2026-06-03,143,114,191,1.46,student_success_signal_v2,"{""model"":""student_success_signal_v2"",""drivers"":[""course_access_pressure""],""confidence"":""high"",""alert"":""increase_success_coach_outreach""}",2026-05-05T16:30:00Z
306,6,Mountain Workforce Pathway,2026-06-03,202,171,233,1.55,student_success_signal_v2,"{""model"":""student_success_signal_v2"",""drivers"":[""course_access_pressure""],""confidence"":""high"",""alert"":""open_course_access_support""}",2026-05-05T16:30:00Z
307,7,Texas Financial Aid Region,2026-06-03,69,61,112,1.09,student_success_signal_v2,"{""model"":""student_success_signal_v2"",""drivers"":[""retention_alert_cluster""],""confidence"":""medium"",""alert"":""expand_advising_capacity""}",2026-05-05T16:30:00Z
308,8,Florida Transfer Corridor,2026-06-03,55,23,103,1.13,student_success_signal_v2,"{""model"":""student_success_signal_v2"",""drivers"":[""fall_registration_spike""],""confidence"":""medium"",""alert"":""increase_success_coach_outreach""}",2026-05-05T16:30:00Z
309,9,Arizona Basic Needs Region,2026-06-03,171,141,194,0.93,student_success_signal_v2,"{""model"":""student_success_signal_v2"",""drivers"":[""retention_alert_cluster""],""confidence"":""high"",""alert"":""increase_success_coach_outreach""}",2026-05-05T16:30:00Z
310,10,Georgia Student Services Region,2026-06-03,117,87,164,1.57,student_success_signal_v2,"{""model"":""student_success_signal_v2"",""drivers"":[""retention_alert_cluster""],""confidence"":""medium"",""alert"":""increase_success_coach_outreach""}",2026-05-05T16:30:00Z
311,11,Boston First-Year Network,2026-06-03,119,94,139,0.89,student_success_signal_v2,"{""model"":""student_success_signal_v2"",""drivers"":[""course_access_pressure""],""confidence"":""medium"",""alert"":""increase_success_coach_outreach""}",2026-05-05T16:30:00Z
312,12,Bay Area Online Learning Network,2026-06-03,174,140,203,1.20,student_success_signal_v2,"{""model"":""student_success_signal_v2"",""drivers"":[""course_access_pressure""],""confidence"":""high"",""alert"":""reserve_emergency_aid_slots""}",2026-05-05T16:30:00Z
313,13,Philadelphia Dual Enrollment Region,2026-06-03,203,181,230,1.35,student_success_signal_v2,"{""model"":""student_success_signal_v2"",""drivers"":[""alumni_microgrant_interest""],""confidence"":""high"",""alert"":""open_course_access_support""}",2026-05-05T16:30:00Z
314,14,Houston Workforce Region,2026-06-03,218,206,257,1.52,student_success_signal_v2,"{""model"":""student_success_signal_v2"",""drivers"":[""financial_aid_deadline""],""confidence"":""high"",""alert"":""open_course_access_support""}",2026-05-05T16:30:00Z
315,15,Portland Completion Region,2026-06-03,182,152,228,1.01,student_success_signal_v2,"{""model"":""student_success_signal_v2"",""drivers"":[""financial_aid_deadline""],""confidence"":""high"",""alert"":""increase_success_coach_outreach""}",2026-05-05T16:30:00Z
316,16,Sacramento Promise Region,2026-06-03,185,177,220,1.42,student_success_signal_v2,"{""model"":""student_success_signal_v2"",""drivers"":[""alumni_microgrant_interest""],""confidence"":""high"",""alert"":""open_course_access_support""}",2026-05-05T16:30:00Z
317,17,Denver Advising Region,2026-06-03,44,10,91,1.71,student_success_signal_v2,"{""model"":""student_success_signal_v2"",""drivers"":[""retention_alert_cluster""],""confidence"":""medium"",""alert"":""expand_advising_capacity""}",2026-05-05T16:30:00Z
318,18,Chicago Retention Region,2026-06-03,146,127,183,1.34,student_success_signal_v2,"{""model"":""student_success_signal_v2"",""drivers"":[""alumni_microgrant_interest""],""confidence"":""high"",""alert"":""expand_advising_capacity""}",2026-05-05T16:30:00Z
319,19,Los Angeles Enrollment Region,2026-06-03,123,100,138,1.18,student_success_signal_v2,"{""model"":""student_success_signal_v2"",""drivers"":[""financial_aid_deadline""],""confidence"":""medium"",""alert"":""reserve_emergency_aid_slots""}",2026-05-05T16:30:00Z
320,20,New York Advancement Region,2026-06-03,206,178,235,1.54,student_success_signal_v2,"{""model"":""student_success_signal_v2"",""drivers"":[""alumni_microgrant_interest""],""confidence"":""high"",""alert"":""open_course_access_support""}",2026-05-05T16:30:00Z
321,21,Northeast Persistence Corridor,2026-06-03,189,173,228,1.06,student_success_signal_v2,"{""model"":""student_success_signal_v2"",""drivers"":[""course_access_pressure""],""confidence"":""high"",""alert"":""reserve_emergency_aid_slots""}",2026-05-05T16:30:00Z
322,22,Southern Enrollment and Transfer Region,2026-06-03,134,123,157,1.12,student_success_signal_v2,"{""model"":""student_success_signal_v2"",""drivers"":[""alumni_microgrant_interest""],""confidence"":""medium"",""alert"":""open_course_access_support""}",2026-05-05T16:30:00Z
323,23,Pacific Access Region,2026-06-03,141,112,168,1.50,student_success_signal_v2,"{""model"":""student_success_signal_v2"",""drivers"":[""course_access_pressure""],""confidence"":""high"",""alert"":""expand_advising_capacity""}",2026-05-05T16:30:00Z
324,24,Midwest Completion Belt,2026-06-03,63,47,77,1.56,student_success_signal_v2,"{""model"":""student_success_signal_v2"",""drivers"":[""financial_aid_deadline""],""confidence"":""medium"",""alert"":""increase_success_coach_outreach""}",2026-05-05T16:30:00Z
325,25,Northwest Wellness Corridor,2026-06-03,206,179,229,1.57,student_success_signal_v2,"{""model"":""student_success_signal_v2"",""drivers"":[""course_access_pressure""],""confidence"":""high"",""alert"":""open_course_access_support""}",2026-05-05T16:30:00Z
326,26,Mountain Workforce Pathway,2026-06-03,155,140,173,1.30,student_success_signal_v2,"{""model"":""student_success_signal_v2"",""drivers"":[""alumni_microgrant_interest""],""confidence"":""high"",""alert"":""open_course_access_support""}",2026-05-05T16:30:00Z
327,27,Texas Financial Aid Region,2026-06-03,54,27,83,0.90,student_success_signal_v2,"{""model"":""student_success_signal_v2"",""drivers"":[""course_access_pressure""],""confidence"":""medium"",""alert"":""open_course_access_support""}",2026-05-05T16:30:00Z
328,28,Florida Transfer Corridor,2026-06-03,77,45,104,1.46,student_success_signal_v2,"{""model"":""student_success_signal_v2"",""drivers"":[""course_access_pressure""],""confidence"":""medium"",""alert"":""reserve_emergency_aid_slots""}",2026-05-05T16:30:00Z
329,29,Arizona Basic Needs Region,2026-06-03,217,188,264,1.42,student_success_signal_v2,"{""model"":""student_success_signal_v2"",""drivers"":[""retention_alert_cluster""],""confidence"":""high"",""alert"":""reserve_emergency_aid_slots""}",2026-05-05T16:30:00Z
330,30,Georgia Student Services Region,2026-06-03,32,18,61,1.12,student_success_signal_v2,"{""model"":""student_success_signal_v2"",""drivers"":[""course_access_pressure""],""confidence"":""medium"",""alert"":""expand_advising_capacity""}",2026-05-05T16:30:00Z
331,31,Boston First-Year Network,2026-06-03,163,132,196,1.58,student_success_signal_v2,"{""model"":""student_success_signal_v2"",""drivers"":[""alumni_microgrant_interest""],""confidence"":""high"",""alert"":""increase_success_coach_outreach""}",2026-05-05T16:30:00Z
332,32,Bay Area Online Learning Network,2026-06-03,105,85,142,1.06,student_success_signal_v2,"{""model"":""student_success_signal_v2"",""drivers"":[""retention_alert_cluster""],""confidence"":""medium"",""alert"":""reserve_emergency_aid_slots""}",2026-05-05T16:30:00Z
333,33,Philadelphia Dual Enrollment Region,2026-06-03,207,181,230,1.39,student_success_signal_v2,"{""model"":""student_success_signal_v2"",""drivers"":[""retention_alert_cluster""],""confidence"":""high"",""alert"":""reserve_emergency_aid_slots""}",2026-05-05T16:30:00Z
334,34,Houston Workforce Region,2026-06-03,82,53,128,1.57,student_success_signal_v2,"{""model"":""student_success_signal_v2"",""drivers"":[""financial_aid_deadline""],""confidence"":""medium"",""alert"":""increase_success_coach_outreach""}",2026-05-05T16:30:00Z
335,35,Portland Completion Region,2026-06-03,90,82,103,0.90,student_success_signal_v2,"{""model"":""student_success_signal_v2"",""drivers"":[""course_access_pressure""],""confidence"":""medium"",""alert"":""increase_success_coach_outreach""}",2026-05-05T16:30:00Z
336,36,Sacramento Promise Region,2026-06-03,198,186,214,1.68,student_success_signal_v2,"{""model"":""student_success_signal_v2"",""drivers"":[""alumni_microgrant_interest""],""confidence"":""high"",""alert"":""reserve_emergency_aid_slots""}",2026-05-05T16:30:00Z
337,37,Denver Advising Region,2026-06-03,163,150,207,1.03,student_success_signal_v2,"{""model"":""student_success_signal_v2"",""drivers"":[""fall_registration_spike""],""confidence"":""high"",""alert"":""open_course_access_support""}",2026-05-05T16:30:00Z
338,38,Chicago Retention Region,2026-06-03,137,128,157,1.03,student_success_signal_v2,"{""model"":""student_success_signal_v2"",""drivers"":[""alumni_microgrant_interest""],""confidence"":""medium"",""alert"":""reserve_emergency_aid_slots""}",2026-05-05T16:30:00Z
339,39,Los Angeles Enrollment Region,2026-06-03,136,111,171,1.66,student_success_signal_v2,"{""model"":""student_success_signal_v2"",""drivers"":[""retention_alert_cluster""],""confidence"":""medium"",""alert"":""reserve_emergency_aid_slots""}",2026-05-05T16:30:00Z
340,40,New York Advancement Region,2026-06-03,42,15,84,1.46,student_success_signal_v2,"{""model"":""student_success_signal_v2"",""drivers"":[""fall_registration_spike""],""confidence"":""medium"",""alert"":""reserve_emergency_aid_slots""}",2026-05-05T16:30:00Z
341,41,Northeast Persistence Corridor,2026-06-03,40,12,67,0.90,student_success_signal_v2,"{""model"":""student_success_signal_v2"",""drivers"":[""financial_aid_deadline""],""confidence"":""medium"",""alert"":""reserve_emergency_aid_slots""}",2026-05-05T16:30:00Z
342,42,Southern Enrollment and Transfer Region,2026-06-03,215,186,231,1.06,student_success_signal_v2,"{""model"":""student_success_signal_v2"",""drivers"":[""course_access_pressure""],""confidence"":""high"",""alert"":""open_course_access_support""}",2026-05-05T16:30:00Z
343,43,Pacific Access Region,2026-06-03,110,80,132,0.99,student_success_signal_v2,"{""model"":""student_success_signal_v2"",""drivers"":[""financial_aid_deadline""],""confidence"":""medium"",""alert"":""reserve_emergency_aid_slots""}",2026-05-05T16:30:00Z
344,44,Midwest Completion Belt,2026-06-03,102,78,114,1.35,student_success_signal_v2,"{""model"":""student_success_signal_v2"",""drivers"":[""course_access_pressure""],""confidence"":""medium"",""alert"":""increase_success_coach_outreach""}",2026-05-05T16:30:00Z
345,45,Northwest Wellness Corridor,2026-06-03,136,114,164,0.89,student_success_signal_v2,"{""model"":""student_success_signal_v2"",""drivers"":[""alumni_microgrant_interest""],""confidence"":""medium"",""alert"":""reserve_emergency_aid_slots""}",2026-05-05T16:30:00Z
346,46,Mountain Workforce Pathway,2026-06-03,33,10,79,1.30,student_success_signal_v2,"{""model"":""student_success_signal_v2"",""drivers"":[""retention_alert_cluster""],""confidence"":""medium"",""alert"":""expand_advising_capacity""}",2026-05-05T16:30:00Z
347,47,Texas Financial Aid Region,2026-06-03,34,1,76,1.22,student_success_signal_v2,"{""model"":""student_success_signal_v2"",""drivers"":[""fall_registration_spike""],""confidence"":""medium"",""alert"":""increase_success_coach_outreach""}",2026-05-05T16:30:00Z
348,48,Florida Transfer Corridor,2026-06-03,161,147,196,1.59,student_success_signal_v2,"{""model"":""student_success_signal_v2"",""drivers"":[""fall_registration_spike""],""confidence"":""high"",""alert"":""open_course_access_support""}",2026-05-05T16:30:00Z
349,49,Arizona Basic Needs Region,2026-06-03,77,47,107,1.49,student_success_signal_v2,"{""model"":""student_success_signal_v2"",""drivers"":[""alumni_microgrant_interest""],""confidence"":""medium"",""alert"":""expand_advising_capacity""}",2026-05-05T16:30:00Z
350,50,Georgia Student Services Region,2026-06-03,102,79,142,1.69,student_success_signal_v2,"{""model"":""student_success_signal_v2"",""drivers"":[""course_access_pressure""],""confidence"":""medium"",""alert"":""open_course_access_support""}",2026-05-05T16:30:00Z
351,51,Boston First-Year Network,2026-06-03,82,52,103,1.47,student_success_signal_v2,"{""model"":""student_success_signal_v2"",""drivers"":[""fall_registration_spike""],""confidence"":""medium"",""alert"":""open_course_access_support""}",2026-05-05T16:30:00Z
352,52,Bay Area Online Learning Network,2026-06-03,39,8,70,1.31,student_success_signal_v2,"{""model"":""student_success_signal_v2"",""drivers"":[""alumni_microgrant_interest""],""confidence"":""medium"",""alert"":""expand_advising_capacity""}",2026-05-05T16:30:00Z
353,53,Philadelphia Dual Enrollment Region,2026-06-03,195,185,220,1.66,student_success_signal_v2,"{""model"":""student_success_signal_v2"",""drivers"":[""retention_alert_cluster""],""confidence"":""high"",""alert"":""open_course_access_support""}",2026-05-05T16:30:00Z
354,54,Houston Workforce Region,2026-06-03,64,52,87,0.95,student_success_signal_v2,"{""model"":""student_success_signal_v2"",""drivers"":[""financial_aid_deadline""],""confidence"":""medium"",""alert"":""expand_advising_capacity""}",2026-05-05T16:30:00Z
355,55,Portland Completion Region,2026-06-03,128,109,162,1.12,student_success_signal_v2,"{""model"":""student_success_signal_v2"",""drivers"":[""alumni_microgrant_interest""],""confidence"":""medium"",""alert"":""increase_success_coach_outreach""}",2026-05-05T16:30:00Z
356,56,Sacramento Promise Region,2026-06-03,135,117,159,0.92,student_success_signal_v2,"{""model"":""student_success_signal_v2"",""drivers"":[""fall_registration_spike""],""confidence"":""medium"",""alert"":""increase_success_coach_outreach""}",2026-05-05T16:30:00Z
357,57,Denver Advising Region,2026-06-03,140,117,168,1.61,student_success_signal_v2,"{""model"":""student_success_signal_v2"",""drivers"":[""course_access_pressure""],""confidence"":""medium"",""alert"":""expand_advising_capacity""}",2026-05-05T16:30:00Z
358,58,Chicago Retention Region,2026-06-03,150,136,179,1.40,student_success_signal_v2,"{""model"":""student_success_signal_v2"",""drivers"":[""alumni_microgrant_interest""],""confidence"":""high"",""alert"":""open_course_access_support""}",2026-05-05T16:30:00Z
359,59,Los Angeles Enrollment Region,2026-06-03,122,114,163,0.93,student_success_signal_v2,"{""model"":""student_success_signal_v2"",""drivers"":[""alumni_microgrant_interest""],""confidence"":""medium"",""alert"":""open_course_access_support""}",2026-05-05T16:30:00Z
360,60,New York Advancement Region,2026-06-03,190,172,205,0.91,student_success_signal_v2,"{""model"":""student_success_signal_v2"",""drivers"":[""financial_aid_deadline""],""confidence"":""high"",""alert"":""open_course_access_support""}",2026-05-05T16:30:00Z
