forecast_id,product_id,region,forecast_date,predicted_demand,confidence_low,confidence_high,social_factor,model_version,explanation
1,185,TX,2026-05-08,6804,6796,6818,1.1,gold-data-v1,"{""source"": ""FACT_SALES.csv"", ""signal"": ""derived gold forecast""}"
2,185,CA,2026-05-09,1436,1428,1450,1.1,gold-data-v1,"{""source"": ""FACT_SALES.csv"", ""signal"": ""derived gold forecast""}"
3,188,TX,2026-05-10,927,919,941,1.13,gold-data-v1,"{""source"": ""FACT_SALES.csv"", ""signal"": ""derived gold forecast""}"
4,185,OH,2026-05-11,524,516,538,1.1,gold-data-v1,"{""source"": ""FACT_SALES.csv"", ""signal"": ""derived gold forecast""}"
5,189,TX,2026-05-12,418,410,432,1.14,gold-data-v1,"{""source"": ""FACT_SALES.csv"", ""signal"": ""derived gold forecast""}"
6,193,TX,2026-05-13,272,264,286,1.18,gold-data-v1,"{""source"": ""FACT_SALES.csv"", ""signal"": ""derived gold forecast""}"
7,188,CA,2026-05-14,186,178,200,1.13,gold-data-v1,"{""source"": ""FACT_SALES.csv"", ""signal"": ""derived gold forecast""}"
8,185,IN,2026-05-15,180,172,194,1.1,gold-data-v1,"{""source"": ""FACT_SALES.csv"", ""signal"": ""derived gold forecast""}"
9,203,TX,2026-05-16,132,124,146,1.28,gold-data-v1,"{""source"": ""FACT_SALES.csv"", ""signal"": ""derived gold forecast""}"
10,207,TX,2026-05-17,132,124,146,1.32,gold-data-v1,"{""source"": ""FACT_SALES.csv"", ""signal"": ""derived gold forecast""}"
11,185,AZ,2026-05-18,94,86,108,1.1,gold-data-v1,"{""source"": ""FACT_SALES.csv"", ""signal"": ""derived gold forecast""}"
12,201,TX,2026-05-19,92,84,106,1.26,gold-data-v1,"{""source"": ""FACT_SALES.csv"", ""signal"": ""derived gold forecast""}"
13,185,PA,2026-05-20,70,62,84,1.1,gold-data-v1,"{""source"": ""FACT_SALES.csv"", ""signal"": ""derived gold forecast""}"
14,189,CA,2026-05-21,73,65,87,1.14,gold-data-v1,"{""source"": ""FACT_SALES.csv"", ""signal"": ""derived gold forecast""}"
15,214,TX,2026-05-22,64,56,78,1.04,gold-data-v1,"{""source"": ""FACT_SALES.csv"", ""signal"": ""derived gold forecast""}"
16,220,TX,2026-05-23,70,62,84,1.1,gold-data-v1,"{""source"": ""FACT_SALES.csv"", ""signal"": ""derived gold forecast""}"
17,188,OH,2026-05-24,53,45,67,1.13,gold-data-v1,"{""source"": ""FACT_SALES.csv"", ""signal"": ""derived gold forecast""}"
18,193,CA,2026-05-25,58,50,72,1.18,gold-data-v1,"{""source"": ""FACT_SALES.csv"", ""signal"": ""derived gold forecast""}"
19,201,CA,2026-05-26,50,42,64,1.26,gold-data-v1,"{""source"": ""FACT_SALES.csv"", ""signal"": ""derived gold forecast""}"
20,226,TX,2026-05-27,45,37,59,1.16,gold-data-v1,"{""source"": ""FACT_SALES.csv"", ""signal"": ""derived gold forecast""}"
21,207,CA,2026-05-28,43,35,57,1.32,gold-data-v1,"{""source"": ""FACT_SALES.csv"", ""signal"": ""derived gold forecast""}"
22,230,TX,2026-05-08,38,30,52,1.2,gold-data-v1,"{""source"": ""FACT_SALES.csv"", ""signal"": ""derived gold forecast""}"
23,189,OH,2026-05-09,38,30,52,1.14,gold-data-v1,"{""source"": ""FACT_SALES.csv"", ""signal"": ""derived gold forecast""}"
24,203,CA,2026-05-10,34,26,48,1.28,gold-data-v1,"{""source"": ""FACT_SALES.csv"", ""signal"": ""derived gold forecast""}"
25,472,TX,2026-05-11,32,24,46,1.17,gold-data-v1,"{""source"": ""FACT_SALES.csv"", ""signal"": ""derived gold forecast""}"
26,287,TX,2026-05-12,28,20,42,1.07,gold-data-v1,"{""source"": ""FACT_SALES.csv"", ""signal"": ""derived gold forecast""}"
27,193,OH,2026-05-13,29,21,43,1.18,gold-data-v1,"{""source"": ""FACT_SALES.csv"", ""signal"": ""derived gold forecast""}"
28,226,CA,2026-05-14,18,10,32,1.16,gold-data-v1,"{""source"": ""FACT_SALES.csv"", ""signal"": ""derived gold forecast""}"
29,203,OH,2026-05-15,23,15,37,1.28,gold-data-v1,"{""source"": ""FACT_SALES.csv"", ""signal"": ""derived gold forecast""}"
30,272,TX,2026-05-16,21,13,35,1.27,gold-data-v1,"{""source"": ""FACT_SALES.csv"", ""signal"": ""derived gold forecast""}"
31,497,TX,2026-05-17,22,14,36,1.07,gold-data-v1,"{""source"": ""FACT_SALES.csv"", ""signal"": ""derived gold forecast""}"
32,337,TX,2026-05-18,14,6,28,1.22,gold-data-v1,"{""source"": ""FACT_SALES.csv"", ""signal"": ""derived gold forecast""}"
33,438,TX,2026-05-19,16,8,30,1.18,gold-data-v1,"{""source"": ""FACT_SALES.csv"", ""signal"": ""derived gold forecast""}"
34,188,AZ,2026-05-20,18,10,32,1.13,gold-data-v1,"{""source"": ""FACT_SALES.csv"", ""signal"": ""derived gold forecast""}"
35,189,IN,2026-05-21,19,11,33,1.14,gold-data-v1,"{""source"": ""FACT_SALES.csv"", ""signal"": ""derived gold forecast""}"
36,304,TX,2026-05-22,22,14,36,1.24,gold-data-v1,"{""source"": ""FACT_SALES.csv"", ""signal"": ""derived gold forecast""}"
37,460,TX,2026-05-23,22,14,36,1.05,gold-data-v1,"{""source"": ""FACT_SALES.csv"", ""signal"": ""derived gold forecast""}"
38,349,TX,2026-05-24,23,15,37,1.34,gold-data-v1,"{""source"": ""FACT_SALES.csv"", ""signal"": ""derived gold forecast""}"
39,185,WA,2026-05-25,13,5,27,1.1,gold-data-v1,"{""source"": ""FACT_SALES.csv"", ""signal"": ""derived gold forecast""}"
40,214,CA,2026-05-26,14,6,28,1.04,gold-data-v1,"{""source"": ""FACT_SALES.csv"", ""signal"": ""derived gold forecast""}"
41,220,CA,2026-05-27,20,12,34,1.1,gold-data-v1,"{""source"": ""FACT_SALES.csv"", ""signal"": ""derived gold forecast""}"
42,305,OH,2026-05-28,21,13,35,1.25,gold-data-v1,"{""source"": ""FACT_SALES.csv"", ""signal"": ""derived gold forecast""}"
43,311,TX,2026-05-08,12,4,26,1.31,gold-data-v1,"{""source"": ""FACT_SALES.csv"", ""signal"": ""derived gold forecast""}"
44,372,TX,2026-05-09,16,8,30,1.22,gold-data-v1,"{""source"": ""FACT_SALES.csv"", ""signal"": ""derived gold forecast""}"
45,361,CA,2026-05-10,19,11,33,1.11,gold-data-v1,"{""source"": ""FACT_SALES.csv"", ""signal"": ""derived gold forecast""}"
46,361,TX,2026-05-11,19,11,33,1.11,gold-data-v1,"{""source"": ""FACT_SALES.csv"", ""signal"": ""derived gold forecast""}"
47,363,TX,2026-05-12,21,13,35,1.13,gold-data-v1,"{""source"": ""FACT_SALES.csv"", ""signal"": ""derived gold forecast""}"
48,356,CA,2026-05-13,14,6,28,1.06,gold-data-v1,"{""source"": ""FACT_SALES.csv"", ""signal"": ""derived gold forecast""}"
49,356,TX,2026-05-14,14,6,28,1.06,gold-data-v1,"{""source"": ""FACT_SALES.csv"", ""signal"": ""derived gold forecast""}"
50,314,TX,2026-05-15,14,6,28,1.34,gold-data-v1,"{""source"": ""FACT_SALES.csv"", ""signal"": ""derived gold forecast""}"
51,486,TX,2026-05-16,18,10,32,1.31,gold-data-v1,"{""source"": ""FACT_SALES.csv"", ""signal"": ""derived gold forecast""}"
52,272,CA,2026-05-17,13,5,27,1.27,gold-data-v1,"{""source"": ""FACT_SALES.csv"", ""signal"": ""derived gold forecast""}"
53,490,TX,2026-05-18,12,4,26,1.0,gold-data-v1,"{""source"": ""FACT_SALES.csv"", ""signal"": ""derived gold forecast""}"
54,188,IN,2026-05-19,13,5,27,1.13,gold-data-v1,"{""source"": ""FACT_SALES.csv"", ""signal"": ""derived gold forecast""}"
55,347,TX,2026-05-20,18,10,32,1.32,gold-data-v1,"{""source"": ""FACT_SALES.csv"", ""signal"": ""derived gold forecast""}"
56,468,TX,2026-05-21,13,5,27,1.13,gold-data-v1,"{""source"": ""FACT_SALES.csv"", ""signal"": ""derived gold forecast""}"
57,198,TX,2026-05-22,12,4,26,1.23,gold-data-v1,"{""source"": ""FACT_SALES.csv"", ""signal"": ""derived gold forecast""}"
58,259,TX,2026-05-23,14,6,28,1.14,gold-data-v1,"{""source"": ""FACT_SALES.csv"", ""signal"": ""derived gold forecast""}"
59,336,TX,2026-05-24,12,4,26,1.21,gold-data-v1,"{""source"": ""FACT_SALES.csv"", ""signal"": ""derived gold forecast""}"
60,207,AZ,2026-05-25,17,9,31,1.32,gold-data-v1,"{""source"": ""FACT_SALES.csv"", ""signal"": ""derived gold forecast""}"
61,498,TX,2026-05-26,14,6,28,1.08,gold-data-v1,"{""source"": ""FACT_SALES.csv"", ""signal"": ""derived gold forecast""}"
62,459,TX,2026-05-27,17,9,31,1.04,gold-data-v1,"{""source"": ""FACT_SALES.csv"", ""signal"": ""derived gold forecast""}"
63,539,TX,2026-05-28,13,5,27,1.14,gold-data-v1,"{""source"": ""FACT_SALES.csv"", ""signal"": ""derived gold forecast""}"
64,431,TX,2026-05-08,17,9,31,1.11,gold-data-v1,"{""source"": ""FACT_SALES.csv"", ""signal"": ""derived gold forecast""}"
65,188,PA,2026-05-09,12,4,26,1.13,gold-data-v1,"{""source"": ""FACT_SALES.csv"", ""signal"": ""derived gold forecast""}"
66,203,IN,2026-05-10,13,5,27,1.28,gold-data-v1,"{""source"": ""FACT_SALES.csv"", ""signal"": ""derived gold forecast""}"
67,577,TX,2026-05-11,12,4,26,1.17,gold-data-v1,"{""source"": ""FACT_SALES.csv"", ""signal"": ""derived gold forecast""}"
68,507,TX,2026-05-12,12,4,26,1.17,gold-data-v1,"{""source"": ""FACT_SALES.csv"", ""signal"": ""derived gold forecast""}"
69,601,TX,2026-05-13,18,10,32,1.06,gold-data-v1,"{""source"": ""FACT_SALES.csv"", ""signal"": ""derived gold forecast""}"
70,207,OH,2026-05-14,16,8,30,1.32,gold-data-v1,"{""source"": ""FACT_SALES.csv"", ""signal"": ""derived gold forecast""}"
71,185,FL,2026-05-15,12,4,26,1.1,gold-data-v1,"{""source"": ""FACT_SALES.csv"", ""signal"": ""derived gold forecast""}"
72,311,CA,2026-05-16,12,4,26,1.31,gold-data-v1,"{""source"": ""FACT_SALES.csv"", ""signal"": ""derived gold forecast""}"
73,600,TX,2026-05-17,17,9,31,1.05,gold-data-v1,"{""source"": ""FACT_SALES.csv"", ""signal"": ""derived gold forecast""}"
74,426,TX,2026-05-18,12,4,26,1.06,gold-data-v1,"{""source"": ""FACT_SALES.csv"", ""signal"": ""derived gold forecast""}"
75,533,TX,2026-05-19,12,4,26,1.08,gold-data-v1,"{""source"": ""FACT_SALES.csv"", ""signal"": ""derived gold forecast""}"
76,403,CA,2026-05-20,16,8,30,1.18,gold-data-v1,"{""source"": ""FACT_SALES.csv"", ""signal"": ""derived gold forecast""}"
77,557,TX,2026-05-21,16,8,30,1.32,gold-data-v1,"{""source"": ""FACT_SALES.csv"", ""signal"": ""derived gold forecast""}"
78,523,TX,2026-05-22,12,4,26,1.33,gold-data-v1,"{""source"": ""FACT_SALES.csv"", ""signal"": ""derived gold forecast""}"
79,509,TX,2026-05-23,12,4,26,1.19,gold-data-v1,"{""source"": ""FACT_SALES.csv"", ""signal"": ""derived gold forecast""}"
80,354,TX,2026-05-24,12,4,26,1.04,gold-data-v1,"{""source"": ""FACT_SALES.csv"", ""signal"": ""derived gold forecast""}"
81,201,OH,2026-05-25,12,4,26,1.26,gold-data-v1,"{""source"": ""FACT_SALES.csv"", ""signal"": ""derived gold forecast""}"
82,189,AZ,2026-05-26,12,4,26,1.14,gold-data-v1,"{""source"": ""FACT_SALES.csv"", ""signal"": ""derived gold forecast""}"
83,479,TX,2026-05-27,12,4,26,1.24,gold-data-v1,"{""source"": ""FACT_SALES.csv"", ""signal"": ""derived gold forecast""}"
84,572,TX,2026-05-28,17,9,31,1.12,gold-data-v1,"{""source"": ""FACT_SALES.csv"", ""signal"": ""derived gold forecast""}"
85,471,TX,2026-05-08,14,6,28,1.16,gold-data-v1,"{""source"": ""FACT_SALES.csv"", ""signal"": ""derived gold forecast""}"
86,605,TX,2026-05-09,12,4,26,1.1,gold-data-v1,"{""source"": ""FACT_SALES.csv"", ""signal"": ""derived gold forecast""}"
87,230,CA,2026-05-10,12,4,26,1.2,gold-data-v1,"{""source"": ""FACT_SALES.csv"", ""signal"": ""derived gold forecast""}"
88,549,TX,2026-05-11,12,4,26,1.24,gold-data-v1,"{""source"": ""FACT_SALES.csv"", ""signal"": ""derived gold forecast""}"
89,616,TX,2026-05-12,12,4,26,1.21,gold-data-v1,"{""source"": ""FACT_SALES.csv"", ""signal"": ""derived gold forecast""}"
90,579,TX,2026-05-13,12,4,26,1.19,gold-data-v1,"{""source"": ""FACT_SALES.csv"", ""signal"": ""derived gold forecast""}"
91,565,TX,2026-05-14,12,4,26,1.05,gold-data-v1,"{""source"": ""FACT_SALES.csv"", ""signal"": ""derived gold forecast""}"
92,564,TX,2026-05-15,12,4,26,1.04,gold-data-v1,"{""source"": ""FACT_SALES.csv"", ""signal"": ""derived gold forecast""}"
93,314,CA,2026-05-16,12,4,26,1.34,gold-data-v1,"{""source"": ""FACT_SALES.csv"", ""signal"": ""derived gold forecast""}"
94,623,TX,2026-05-17,12,4,26,1.28,gold-data-v1,"{""source"": ""FACT_SALES.csv"", ""signal"": ""derived gold forecast""}"
95,496,TX,2026-05-18,12,4,26,1.06,gold-data-v1,"{""source"": ""FACT_SALES.csv"", ""signal"": ""derived gold forecast""}"
96,533,OH,2026-05-19,12,4,26,1.08,gold-data-v1,"{""source"": ""FACT_SALES.csv"", ""signal"": ""derived gold forecast""}"
97,349,OH,2026-05-20,16,8,30,1.34,gold-data-v1,"{""source"": ""FACT_SALES.csv"", ""signal"": ""derived gold forecast""}"
98,499,TX,2026-05-21,12,4,26,1.09,gold-data-v1,"{""source"": ""FACT_SALES.csv"", ""signal"": ""derived gold forecast""}"
99,272,OH,2026-05-22,12,4,26,1.27,gold-data-v1,"{""source"": ""FACT_SALES.csv"", ""signal"": ""derived gold forecast""}"
100,293,TX,2026-05-23,16,8,30,1.13,gold-data-v1,"{""source"": ""FACT_SALES.csv"", ""signal"": ""derived gold forecast""}"
101,403,TX,2026-05-24,14,6,28,1.18,gold-data-v1,"{""source"": ""FACT_SALES.csv"", ""signal"": ""derived gold forecast""}"
102,528,TX,2026-05-25,13,5,27,1.03,gold-data-v1,"{""source"": ""FACT_SALES.csv"", ""signal"": ""derived gold forecast""}"
103,626,TX,2026-05-26,13,5,27,1.31,gold-data-v1,"{""source"": ""FACT_SALES.csv"", ""signal"": ""derived gold forecast""}"
104,500,TX,2026-05-27,13,5,27,1.1,gold-data-v1,"{""source"": ""FACT_SALES.csv"", ""signal"": ""derived gold forecast""}"
105,504,TX,2026-05-28,12,4,26,1.14,gold-data-v1,"{""source"": ""FACT_SALES.csv"", ""signal"": ""derived gold forecast""}"
106,590,TX,2026-05-08,12,4,26,1.3,gold-data-v1,"{""source"": ""FACT_SALES.csv"", ""signal"": ""derived gold forecast""}"
107,214,AZ,2026-05-09,12,4,26,1.04,gold-data-v1,"{""source"": ""FACT_SALES.csv"", ""signal"": ""derived gold forecast""}"
108,461,TX,2026-05-10,16,8,30,1.06,gold-data-v1,"{""source"": ""FACT_SALES.csv"", ""signal"": ""derived gold forecast""}"
109,544,TX,2026-05-11,15,7,29,1.19,gold-data-v1,"{""source"": ""FACT_SALES.csv"", ""signal"": ""derived gold forecast""}"
110,519,TX,2026-05-12,12,4,26,1.29,gold-data-v1,"{""source"": ""FACT_SALES.csv"", ""signal"": ""derived gold forecast""}"
111,449,TX,2026-05-13,12,4,26,1.29,gold-data-v1,"{""source"": ""FACT_SALES.csv"", ""signal"": ""derived gold forecast""}"
112,337,CA,2026-05-14,12,4,26,1.22,gold-data-v1,"{""source"": ""FACT_SALES.csv"", ""signal"": ""derived gold forecast""}"
113,398,TX,2026-05-15,12,4,26,1.13,gold-data-v1,"{""source"": ""FACT_SALES.csv"", ""signal"": ""derived gold forecast""}"
114,201,AZ,2026-05-16,12,4,26,1.26,gold-data-v1,"{""source"": ""FACT_SALES.csv"", ""signal"": ""derived gold forecast""}"
115,604,TX,2026-05-17,12,4,26,1.09,gold-data-v1,"{""source"": ""FACT_SALES.csv"", ""signal"": ""derived gold forecast""}"
116,189,PA,2026-05-18,12,4,26,1.14,gold-data-v1,"{""source"": ""FACT_SALES.csv"", ""signal"": ""derived gold forecast""}"
117,311,OH,2026-05-19,12,4,26,1.31,gold-data-v1,"{""source"": ""FACT_SALES.csv"", ""signal"": ""derived gold forecast""}"
118,502,TX,2026-05-20,15,7,29,1.12,gold-data-v1,"{""source"": ""FACT_SALES.csv"", ""signal"": ""derived gold forecast""}"
119,518,TX,2026-05-21,12,4,26,1.28,gold-data-v1,"{""source"": ""FACT_SALES.csv"", ""signal"": ""derived gold forecast""}"
120,632,TX,2026-05-22,12,4,26,1.02,gold-data-v1,"{""source"": ""FACT_SALES.csv"", ""signal"": ""derived gold forecast""}"
121,318,TX,2026-05-23,13,5,27,1.03,gold-data-v1,"{""source"": ""FACT_SALES.csv"", ""signal"": ""derived gold forecast""}"
122,193,IN,2026-05-24,14,6,28,1.18,gold-data-v1,"{""source"": ""FACT_SALES.csv"", ""signal"": ""derived gold forecast""}"
123,230,OH,2026-05-25,12,4,26,1.2,gold-data-v1,"{""source"": ""FACT_SALES.csv"", ""signal"": ""derived gold forecast""}"
124,515,TX,2026-05-26,14,6,28,1.25,gold-data-v1,"{""source"": ""FACT_SALES.csv"", ""signal"": ""derived gold forecast""}"
125,501,TX,2026-05-27,14,6,28,1.11,gold-data-v1,"{""source"": ""FACT_SALES.csv"", ""signal"": ""derived gold forecast""}"
126,551,CA,2026-05-28,12,4,26,1.26,gold-data-v1,"{""source"": ""FACT_SALES.csv"", ""signal"": ""derived gold forecast""}"
127,635,TX,2026-05-08,12,4,26,1.05,gold-data-v1,"{""source"": ""FACT_SALES.csv"", ""signal"": ""derived gold forecast""}"
128,556,TX,2026-05-09,13,5,27,1.31,gold-data-v1,"{""source"": ""FACT_SALES.csv"", ""signal"": ""derived gold forecast""}"
129,484,CA,2026-05-10,12,4,26,1.29,gold-data-v1,"{""source"": ""FACT_SALES.csv"", ""signal"": ""derived gold forecast""}"
130,482,TX,2026-05-11,12,4,26,1.27,gold-data-v1,"{""source"": ""FACT_SALES.csv"", ""signal"": ""derived gold forecast""}"
131,595,CA,2026-05-12,12,4,26,1.0,gold-data-v1,"{""source"": ""FACT_SALES.csv"", ""signal"": ""derived gold forecast""}"
132,460,CA,2026-05-13,14,6,28,1.05,gold-data-v1,"{""source"": ""FACT_SALES.csv"", ""signal"": ""derived gold forecast""}"
133,336,CA,2026-05-14,12,4,26,1.21,gold-data-v1,"{""source"": ""FACT_SALES.csv"", ""signal"": ""derived gold forecast""}"
134,560,TX,2026-05-15,12,4,26,1.0,gold-data-v1,"{""source"": ""FACT_SALES.csv"", ""signal"": ""derived gold forecast""}"
135,570,CA,2026-05-16,12,4,26,1.1,gold-data-v1,"{""source"": ""FACT_SALES.csv"", ""signal"": ""derived gold forecast""}"
136,226,OH,2026-05-17,12,4,26,1.16,gold-data-v1,"{""source"": ""FACT_SALES.csv"", ""signal"": ""derived gold forecast""}"
137,481,IN,2026-05-18,12,4,26,1.26,gold-data-v1,"{""source"": ""FACT_SALES.csv"", ""signal"": ""derived gold forecast""}"
138,602,TX,2026-05-19,12,4,26,1.07,gold-data-v1,"{""source"": ""FACT_SALES.csv"", ""signal"": ""derived gold forecast""}"
139,603,TX,2026-05-20,12,4,26,1.08,gold-data-v1,"{""source"": ""FACT_SALES.csv"", ""signal"": ""derived gold forecast""}"
140,644,CA,2026-05-21,12,4,26,1.14,gold-data-v1,"{""source"": ""FACT_SALES.csv"", ""signal"": ""derived gold forecast""}"
141,529,CA,2026-05-22,13,5,27,1.04,gold-data-v1,"{""source"": ""FACT_SALES.csv"", ""signal"": ""derived gold forecast""}"
142,615,TX,2026-05-23,15,7,29,1.2,gold-data-v1,"{""source"": ""FACT_SALES.csv"", ""signal"": ""derived gold forecast""}"
143,592,CA,2026-05-24,12,4,26,1.32,gold-data-v1,"{""source"": ""FACT_SALES.csv"", ""signal"": ""derived gold forecast""}"
144,513,TX,2026-05-25,12,4,26,1.23,gold-data-v1,"{""source"": ""FACT_SALES.csv"", ""signal"": ""derived gold forecast""}"
145,489,TX,2026-05-26,15,7,29,1.34,gold-data-v1,"{""source"": ""FACT_SALES.csv"", ""signal"": ""derived gold forecast""}"
146,547,TX,2026-05-27,12,4,26,1.22,gold-data-v1,"{""source"": ""FACT_SALES.csv"", ""signal"": ""derived gold forecast""}"
147,576,IN,2026-05-28,12,4,26,1.16,gold-data-v1,"{""source"": ""FACT_SALES.csv"", ""signal"": ""derived gold forecast""}"
148,472,CA,2026-05-08,12,4,26,1.17,gold-data-v1,"{""source"": ""FACT_SALES.csv"", ""signal"": ""derived gold forecast""}"
149,545,TX,2026-05-09,15,7,29,1.2,gold-data-v1,"{""source"": ""FACT_SALES.csv"", ""signal"": ""derived gold forecast""}"
150,305,TX,2026-05-10,13,5,27,1.25,gold-data-v1,"{""source"": ""FACT_SALES.csv"", ""signal"": ""derived gold forecast""}"
151,185,NC,2026-05-11,12,4,26,1.1,gold-data-v1,"{""source"": ""FACT_SALES.csv"", ""signal"": ""derived gold forecast""}"
152,188,WA,2026-05-12,12,4,26,1.13,gold-data-v1,"{""source"": ""FACT_SALES.csv"", ""signal"": ""derived gold forecast""}"
153,214,OH,2026-05-13,12,4,26,1.04,gold-data-v1,"{""source"": ""FACT_SALES.csv"", ""signal"": ""derived gold forecast""}"
154,193,AZ,2026-05-14,13,5,27,1.18,gold-data-v1,"{""source"": ""FACT_SALES.csv"", ""signal"": ""derived gold forecast""}"
155,259,AZ,2026-05-15,12,4,26,1.14,gold-data-v1,"{""source"": ""FACT_SALES.csv"", ""signal"": ""derived gold forecast""}"
156,397,TX,2026-05-16,12,4,26,1.12,gold-data-v1,"{""source"": ""FACT_SALES.csv"", ""signal"": ""derived gold forecast""}"
157,506,TX,2026-05-17,12,4,26,1.16,gold-data-v1,"{""source"": ""FACT_SALES.csv"", ""signal"": ""derived gold forecast""}"
158,373,TX,2026-05-18,12,4,26,1.23,gold-data-v1,"{""source"": ""FACT_SALES.csv"", ""signal"": ""derived gold forecast""}"
159,373,CA,2026-05-19,12,4,26,1.23,gold-data-v1,"{""source"": ""FACT_SALES.csv"", ""signal"": ""derived gold forecast""}"
160,373,OH,2026-05-20,12,4,26,1.23,gold-data-v1,"{""source"": ""FACT_SALES.csv"", ""signal"": ""derived gold forecast""}"
161,630,TX,2026-05-21,12,4,26,1.0,gold-data-v1,"{""source"": ""FACT_SALES.csv"", ""signal"": ""derived gold forecast""}"
162,637,TX,2026-05-22,12,4,26,1.07,gold-data-v1,"{""source"": ""FACT_SALES.csv"", ""signal"": ""derived gold forecast""}"
163,643,TX,2026-05-23,15,7,29,1.13,gold-data-v1,"{""source"": ""FACT_SALES.csv"", ""signal"": ""derived gold forecast""}"
164,639,TX,2026-05-24,12,4,26,1.09,gold-data-v1,"{""source"": ""FACT_SALES.csv"", ""signal"": ""derived gold forecast""}"
165,537,CA,2026-05-25,12,4,26,1.12,gold-data-v1,"{""source"": ""FACT_SALES.csv"", ""signal"": ""derived gold forecast""}"
166,546,TX,2026-05-26,12,4,26,1.21,gold-data-v1,"{""source"": ""FACT_SALES.csv"", ""signal"": ""derived gold forecast""}"
167,516,TX,2026-05-27,14,6,28,1.26,gold-data-v1,"{""source"": ""FACT_SALES.csv"", ""signal"": ""derived gold forecast""}"
168,541,TX,2026-05-28,12,4,26,1.16,gold-data-v1,"{""source"": ""FACT_SALES.csv"", ""signal"": ""derived gold forecast""}"
169,588,TX,2026-05-08,12,4,26,1.28,gold-data-v1,"{""source"": ""FACT_SALES.csv"", ""signal"": ""derived gold forecast""}"
170,488,TX,2026-05-09,14,6,28,1.33,gold-data-v1,"{""source"": ""FACT_SALES.csv"", ""signal"": ""derived gold forecast""}"
171,512,TX,2026-05-10,12,4,26,1.22,gold-data-v1,"{""source"": ""FACT_SALES.csv"", ""signal"": ""derived gold forecast""}"
172,612,TX,2026-05-11,12,4,26,1.17,gold-data-v1,"{""source"": ""FACT_SALES.csv"", ""signal"": ""derived gold forecast""}"
173,598,TX,2026-05-12,12,4,26,1.03,gold-data-v1,"{""source"": ""FACT_SALES.csv"", ""signal"": ""derived gold forecast""}"
174,552,TX,2026-05-13,12,4,26,1.27,gold-data-v1,"{""source"": ""FACT_SALES.csv"", ""signal"": ""derived gold forecast""}"
175,610,TX,2026-05-14,12,4,26,1.15,gold-data-v1,"{""source"": ""FACT_SALES.csv"", ""signal"": ""derived gold forecast""}"
176,584,IN,2026-05-15,12,4,26,1.24,gold-data-v1,"{""source"": ""FACT_SALES.csv"", ""signal"": ""derived gold forecast""}"
177,491,CA,2026-05-16,12,4,26,1.01,gold-data-v1,"{""source"": ""FACT_SALES.csv"", ""signal"": ""derived gold forecast""}"
178,622,TX,2026-05-17,12,4,26,1.27,gold-data-v1,"{""source"": ""FACT_SALES.csv"", ""signal"": ""derived gold forecast""}"
179,642,TX,2026-05-18,14,6,28,1.12,gold-data-v1,"{""source"": ""FACT_SALES.csv"", ""signal"": ""derived gold forecast""}"
180,563,CA,2026-05-19,12,4,26,1.03,gold-data-v1,"{""source"": ""FACT_SALES.csv"", ""signal"": ""derived gold forecast""}"
181,494,TX,2026-05-20,12,4,26,1.04,gold-data-v1,"{""source"": ""FACT_SALES.csv"", ""signal"": ""derived gold forecast""}"
182,530,CA,2026-05-21,14,6,28,1.05,gold-data-v1,"{""source"": ""FACT_SALES.csv"", ""signal"": ""derived gold forecast""}"
183,530,TX,2026-05-22,14,6,28,1.05,gold-data-v1,"{""source"": ""FACT_SALES.csv"", ""signal"": ""derived gold forecast""}"
184,645,TX,2026-05-23,12,4,26,1.15,gold-data-v1,"{""source"": ""FACT_SALES.csv"", ""signal"": ""derived gold forecast""}"
185,585,IN,2026-05-24,13,5,27,1.25,gold-data-v1,"{""source"": ""FACT_SALES.csv"", ""signal"": ""derived gold forecast""}"
186,356,IN,2026-05-25,12,4,26,1.06,gold-data-v1,"{""source"": ""FACT_SALES.csv"", ""signal"": ""derived gold forecast""}"
187,578,TX,2026-05-26,12,4,26,1.18,gold-data-v1,"{""source"": ""FACT_SALES.csv"", ""signal"": ""derived gold forecast""}"
188,483,CA,2026-05-27,12,4,26,1.28,gold-data-v1,"{""source"": ""FACT_SALES.csv"", ""signal"": ""derived gold forecast""}"
189,483,TX,2026-05-28,12,4,26,1.28,gold-data-v1,"{""source"": ""FACT_SALES.csv"", ""signal"": ""derived gold forecast""}"
190,522,TX,2026-05-08,12,4,26,1.32,gold-data-v1,"{""source"": ""FACT_SALES.csv"", ""signal"": ""derived gold forecast""}"
191,203,PA,2026-05-09,12,4,26,1.28,gold-data-v1,"{""source"": ""FACT_SALES.csv"", ""signal"": ""derived gold forecast""}"
192,318,CA,2026-05-10,12,4,26,1.03,gold-data-v1,"{""source"": ""FACT_SALES.csv"", ""signal"": ""derived gold forecast""}"
193,198,CA,2026-05-11,12,4,26,1.23,gold-data-v1,"{""source"": ""FACT_SALES.csv"", ""signal"": ""derived gold forecast""}"
194,548,TX,2026-05-12,12,4,26,1.23,gold-data-v1,"{""source"": ""FACT_SALES.csv"", ""signal"": ""derived gold forecast""}"
195,193,FL,2026-05-13,13,5,27,1.18,gold-data-v1,"{""source"": ""FACT_SALES.csv"", ""signal"": ""derived gold forecast""}"
196,310,OH,2026-05-14,12,4,26,1.3,gold-data-v1,"{""source"": ""FACT_SALES.csv"", ""signal"": ""derived gold forecast""}"
197,636,IN,2026-05-15,12,4,26,1.06,gold-data-v1,"{""source"": ""FACT_SALES.csv"", ""signal"": ""derived gold forecast""}"
198,543,TX,2026-05-16,13,5,27,1.18,gold-data-v1,"{""source"": ""FACT_SALES.csv"", ""signal"": ""derived gold forecast""}"
199,562,TX,2026-05-17,12,4,26,1.02,gold-data-v1,"{""source"": ""FACT_SALES.csv"", ""signal"": ""derived gold forecast""}"
200,613,TX,2026-05-18,13,5,27,1.18,gold-data-v1,"{""source"": ""FACT_SALES.csv"", ""signal"": ""derived gold forecast""}"
201,230,IN,2026-05-19,12,4,26,1.2,gold-data-v1,"{""source"": ""FACT_SALES.csv"", ""signal"": ""derived gold forecast""}"
202,551,TX,2026-05-20,12,4,26,1.26,gold-data-v1,"{""source"": ""FACT_SALES.csv"", ""signal"": ""derived gold forecast""}"
203,475,CA,2026-05-21,15,7,29,1.2,gold-data-v1,"{""source"": ""FACT_SALES.csv"", ""signal"": ""derived gold forecast""}"
204,582,TX,2026-05-22,12,4,26,1.22,gold-data-v1,"{""source"": ""FACT_SALES.csv"", ""signal"": ""derived gold forecast""}"
205,561,TX,2026-05-23,12,4,26,1.01,gold-data-v1,"{""source"": ""FACT_SALES.csv"", ""signal"": ""derived gold forecast""}"
206,524,CA,2026-05-24,12,4,26,1.34,gold-data-v1,"{""source"": ""FACT_SALES.csv"", ""signal"": ""derived gold forecast""}"
207,481,OH,2026-05-25,12,4,26,1.26,gold-data-v1,"{""source"": ""FACT_SALES.csv"", ""signal"": ""derived gold forecast""}"
208,550,TX,2026-05-26,12,4,26,1.25,gold-data-v1,"{""source"": ""FACT_SALES.csv"", ""signal"": ""derived gold forecast""}"
209,207,PA,2026-05-27,12,4,26,1.32,gold-data-v1,"{""source"": ""FACT_SALES.csv"", ""signal"": ""derived gold forecast""}"
210,207,IN,2026-05-28,12,4,26,1.32,gold-data-v1,"{""source"": ""FACT_SALES.csv"", ""signal"": ""derived gold forecast""}"
211,226,PA,2026-05-08,12,4,26,1.16,gold-data-v1,"{""source"": ""FACT_SALES.csv"", ""signal"": ""derived gold forecast""}"
212,185,IL,2026-05-09,12,4,26,1.1,gold-data-v1,"{""source"": ""FACT_SALES.csv"", ""signal"": ""derived gold forecast""}"
213,621,TX,2026-05-10,12,4,26,1.26,gold-data-v1,"{""source"": ""FACT_SALES.csv"", ""signal"": ""derived gold forecast""}"
214,473,TX,2026-05-11,12,4,26,1.18,gold-data-v1,"{""source"": ""FACT_SALES.csv"", ""signal"": ""derived gold forecast""}"
215,587,CA,2026-05-12,14,6,28,1.27,gold-data-v1,"{""source"": ""FACT_SALES.csv"", ""signal"": ""derived gold forecast""}"
216,503,OH,2026-05-13,14,6,28,1.13,gold-data-v1,"{""source"": ""FACT_SALES.csv"", ""signal"": ""derived gold forecast""}"
217,503,CA,2026-05-14,14,6,28,1.13,gold-data-v1,"{""source"": ""FACT_SALES.csv"", ""signal"": ""derived gold forecast""}"
218,555,TX,2026-05-15,12,4,26,1.3,gold-data-v1,"{""source"": ""FACT_SALES.csv"", ""signal"": ""derived gold forecast""}"
219,272,PA,2026-05-16,12,4,26,1.27,gold-data-v1,"{""source"": ""FACT_SALES.csv"", ""signal"": ""derived gold forecast""}"
220,591,TX,2026-05-17,12,4,26,1.31,gold-data-v1,"{""source"": ""FACT_SALES.csv"", ""signal"": ""derived gold forecast""}"
221,476,OH,2026-05-18,12,4,26,1.21,gold-data-v1,"{""source"": ""FACT_SALES.csv"", ""signal"": ""derived gold forecast""}"
222,542,TX,2026-05-19,12,4,26,1.17,gold-data-v1,"{""source"": ""FACT_SALES.csv"", ""signal"": ""derived gold forecast""}"
223,594,CA,2026-05-20,12,4,26,1.34,gold-data-v1,"{""source"": ""FACT_SALES.csv"", ""signal"": ""derived gold forecast""}"
224,624,TX,2026-05-21,12,4,26,1.29,gold-data-v1,"{""source"": ""FACT_SALES.csv"", ""signal"": ""derived gold forecast""}"
225,521,CA,2026-05-22,12,4,26,1.31,gold-data-v1,"{""source"": ""FACT_SALES.csv"", ""signal"": ""derived gold forecast""}"
226,498,OH,2026-05-23,12,4,26,1.08,gold-data-v1,"{""source"": ""FACT_SALES.csv"", ""signal"": ""derived gold forecast""}"
227,426,IN,2026-05-24,12,4,26,1.06,gold-data-v1,"{""source"": ""FACT_SALES.csv"", ""signal"": ""derived gold forecast""}"
228,640,TX,2026-05-25,12,4,26,1.1,gold-data-v1,"{""source"": ""FACT_SALES.csv"", ""signal"": ""derived gold forecast""}"
229,641,CA,2026-05-26,12,4,26,1.11,gold-data-v1,"{""source"": ""FACT_SALES.csv"", ""signal"": ""derived gold forecast""}"
230,475,TX,2026-05-27,14,6,28,1.2,gold-data-v1,"{""source"": ""FACT_SALES.csv"", ""signal"": ""derived gold forecast""}"
231,627,CA,2026-05-28,12,4,26,1.32,gold-data-v1,"{""source"": ""FACT_SALES.csv"", ""signal"": ""derived gold forecast""}"
232,514,IN,2026-05-08,12,4,26,1.24,gold-data-v1,"{""source"": ""FACT_SALES.csv"", ""signal"": ""derived gold forecast""}"
233,299,TX,2026-05-09,12,4,26,1.19,gold-data-v1,"{""source"": ""FACT_SALES.csv"", ""signal"": ""derived gold forecast""}"
234,299,CA,2026-05-10,12,4,26,1.19,gold-data-v1,"{""source"": ""FACT_SALES.csv"", ""signal"": ""derived gold forecast""}"
235,299,IN,2026-05-11,12,4,26,1.19,gold-data-v1,"{""source"": ""FACT_SALES.csv"", ""signal"": ""derived gold forecast""}"
236,638,OH,2026-05-12,12,4,26,1.08,gold-data-v1,"{""source"": ""FACT_SALES.csv"", ""signal"": ""derived gold forecast""}"
237,527,TX,2026-05-13,12,4,26,1.02,gold-data-v1,"{""source"": ""FACT_SALES.csv"", ""signal"": ""derived gold forecast""}"
238,459,CA,2026-05-14,12,4,26,1.04,gold-data-v1,"{""source"": ""FACT_SALES.csv"", ""signal"": ""derived gold forecast""}"
239,403,OH,2026-05-15,12,4,26,1.18,gold-data-v1,"{""source"": ""FACT_SALES.csv"", ""signal"": ""derived gold forecast""}"
240,620,TX,2026-05-16,12,4,26,1.25,gold-data-v1,"{""source"": ""FACT_SALES.csv"", ""signal"": ""derived gold forecast""}"
241,611,CA,2026-05-17,12,4,26,1.16,gold-data-v1,"{""source"": ""FACT_SALES.csv"", ""signal"": ""derived gold forecast""}"
242,593,TX,2026-05-18,12,4,26,1.33,gold-data-v1,"{""source"": ""FACT_SALES.csv"", ""signal"": ""derived gold forecast""}"
243,493,TX,2026-05-19,12,4,26,1.03,gold-data-v1,"{""source"": ""FACT_SALES.csv"", ""signal"": ""derived gold forecast""}"
244,406,AZ,2026-05-20,12,4,26,1.21,gold-data-v1,"{""source"": ""FACT_SALES.csv"", ""signal"": ""derived gold forecast""}"
245,606,TX,2026-05-21,12,4,26,1.11,gold-data-v1,"{""source"": ""FACT_SALES.csv"", ""signal"": ""derived gold forecast""}"
246,559,TX,2026-05-22,14,6,28,1.34,gold-data-v1,"{""source"": ""FACT_SALES.csv"", ""signal"": ""derived gold forecast""}"
247,583,TX,2026-05-23,12,4,26,1.23,gold-data-v1,"{""source"": ""FACT_SALES.csv"", ""signal"": ""derived gold forecast""}"
248,485,CA,2026-05-24,12,4,26,1.3,gold-data-v1,"{""source"": ""FACT_SALES.csv"", ""signal"": ""derived gold forecast""}"
249,485,TX,2026-05-25,12,4,26,1.3,gold-data-v1,"{""source"": ""FACT_SALES.csv"", ""signal"": ""derived gold forecast""}"
250,487,TX,2026-05-26,12,4,26,1.32,gold-data-v1,"{""source"": ""FACT_SALES.csv"", ""signal"": ""derived gold forecast""}"
251,487,CA,2026-05-27,12,4,26,1.32,gold-data-v1,"{""source"": ""FACT_SALES.csv"", ""signal"": ""derived gold forecast""}"
252,520,TX,2026-05-28,12,4,26,1.3,gold-data-v1,"{""source"": ""FACT_SALES.csv"", ""signal"": ""derived gold forecast""}"
253,203,AZ,2026-05-08,12,4,26,1.28,gold-data-v1,"{""source"": ""FACT_SALES.csv"", ""signal"": ""derived gold forecast""}"
254,517,AZ,2026-05-09,14,6,28,1.27,gold-data-v1,"{""source"": ""FACT_SALES.csv"", ""signal"": ""derived gold forecast""}"
255,474,CA,2026-05-10,13,5,27,1.19,gold-data-v1,"{""source"": ""FACT_SALES.csv"", ""signal"": ""derived gold forecast""}"
256,214,IL,2026-05-11,12,4,26,1.04,gold-data-v1,"{""source"": ""FACT_SALES.csv"", ""signal"": ""derived gold forecast""}"
257,214,IN,2026-05-12,12,4,26,1.04,gold-data-v1,"{""source"": ""FACT_SALES.csv"", ""signal"": ""derived gold forecast""}"
258,372,OH,2026-05-13,12,4,26,1.22,gold-data-v1,"{""source"": ""FACT_SALES.csv"", ""signal"": ""derived gold forecast""}"
259,347,CA,2026-05-14,12,4,26,1.32,gold-data-v1,"{""source"": ""FACT_SALES.csv"", ""signal"": ""derived gold forecast""}"
260,347,OH,2026-05-15,12,4,26,1.32,gold-data-v1,"{""source"": ""FACT_SALES.csv"", ""signal"": ""derived gold forecast""}"
261,347,AZ,2026-05-16,12,4,26,1.32,gold-data-v1,"{""source"": ""FACT_SALES.csv"", ""signal"": ""derived gold forecast""}"
262,495,CA,2026-05-17,12,4,26,1.05,gold-data-v1,"{""source"": ""FACT_SALES.csv"", ""signal"": ""derived gold forecast""}"
263,495,AZ,2026-05-18,12,4,26,1.05,gold-data-v1,"{""source"": ""FACT_SALES.csv"", ""signal"": ""derived gold forecast""}"
264,373,PA,2026-05-19,12,4,26,1.23,gold-data-v1,"{""source"": ""FACT_SALES.csv"", ""signal"": ""derived gold forecast""}"
265,629,OH,2026-05-20,14,6,28,1.34,gold-data-v1,"{""source"": ""FACT_SALES.csv"", ""signal"": ""derived gold forecast""}"
266,567,TX,2026-05-21,12,4,26,1.07,gold-data-v1,"{""source"": ""FACT_SALES.csv"", ""signal"": ""derived gold forecast""}"
267,625,CA,2026-05-22,12,4,26,1.3,gold-data-v1,"{""source"": ""FACT_SALES.csv"", ""signal"": ""derived gold forecast""}"
268,554,CA,2026-05-23,12,4,26,1.29,gold-data-v1,"{""source"": ""FACT_SALES.csv"", ""signal"": ""derived gold forecast""}"
269,406,TX,2026-05-24,12,4,26,1.21,gold-data-v1,"{""source"": ""FACT_SALES.csv"", ""signal"": ""derived gold forecast""}"
270,489,OH,2026-05-25,14,6,28,1.34,gold-data-v1,"{""source"": ""FACT_SALES.csv"", ""signal"": ""derived gold forecast""}"
271,510,TX,2026-05-26,12,4,26,1.2,gold-data-v1,"{""source"": ""FACT_SALES.csv"", ""signal"": ""derived gold forecast""}"
272,617,TX,2026-05-27,12,4,26,1.22,gold-data-v1,"{""source"": ""FACT_SALES.csv"", ""signal"": ""derived gold forecast""}"
273,230,PA,2026-05-28,12,4,26,1.2,gold-data-v1,"{""source"": ""FACT_SALES.csv"", ""signal"": ""derived gold forecast""}"
274,525,CA,2026-05-08,12,4,26,1.0,gold-data-v1,"{""source"": ""FACT_SALES.csv"", ""signal"": ""derived gold forecast""}"
275,586,OH,2026-05-09,13,5,27,1.26,gold-data-v1,"{""source"": ""FACT_SALES.csv"", ""signal"": ""derived gold forecast""}"
276,586,CA,2026-05-10,13,5,27,1.26,gold-data-v1,"{""source"": ""FACT_SALES.csv"", ""signal"": ""derived gold forecast""}"
277,581,TX,2026-05-11,12,4,26,1.21,gold-data-v1,"{""source"": ""FACT_SALES.csv"", ""signal"": ""derived gold forecast""}"
278,287,OH,2026-05-12,12,4,26,1.07,gold-data-v1,"{""source"": ""FACT_SALES.csv"", ""signal"": ""derived gold forecast""}"
279,575,TX,2026-05-13,12,4,26,1.15,gold-data-v1,"{""source"": ""FACT_SALES.csv"", ""signal"": ""derived gold forecast""}"
280,568,OH,2026-05-14,12,4,26,1.08,gold-data-v1,"{""source"": ""FACT_SALES.csv"", ""signal"": ""derived gold forecast""}"
281,569,CA,2026-05-15,12,4,26,1.09,gold-data-v1,"{""source"": ""FACT_SALES.csv"", ""signal"": ""derived gold forecast""}"
282,540,TX,2026-05-16,12,4,26,1.15,gold-data-v1,"{""source"": ""FACT_SALES.csv"", ""signal"": ""derived gold forecast""}"
283,589,OH,2026-05-17,12,4,26,1.29,gold-data-v1,"{""source"": ""FACT_SALES.csv"", ""signal"": ""derived gold forecast""}"
284,607,TX,2026-05-18,12,4,26,1.12,gold-data-v1,"{""source"": ""FACT_SALES.csv"", ""signal"": ""derived gold forecast""}"
285,436,CA,2026-05-19,12,4,26,1.16,gold-data-v1,"{""source"": ""FACT_SALES.csv"", ""signal"": ""derived gold forecast""}"
286,553,CA,2026-05-20,12,4,26,1.28,gold-data-v1,"{""source"": ""FACT_SALES.csv"", ""signal"": ""derived gold forecast""}"
287,571,TX,2026-05-21,12,4,26,1.11,gold-data-v1,"{""source"": ""FACT_SALES.csv"", ""signal"": ""derived gold forecast""}"
288,558,TX,2026-05-22,13,5,27,1.33,gold-data-v1,"{""source"": ""FACT_SALES.csv"", ""signal"": ""derived gold forecast""}"
289,531,TX,2026-05-23,14,6,28,1.06,gold-data-v1,"{""source"": ""FACT_SALES.csv"", ""signal"": ""derived gold forecast""}"
290,628,CA,2026-05-24,13,5,27,1.33,gold-data-v1,"{""source"": ""FACT_SALES.csv"", ""signal"": ""derived gold forecast""}"
291,354,AZ,2026-05-25,12,4,26,1.04,gold-data-v1,"{""source"": ""FACT_SALES.csv"", ""signal"": ""derived gold forecast""}"
292,398,AZ,2026-05-26,12,4,26,1.13,gold-data-v1,"{""source"": ""FACT_SALES.csv"", ""signal"": ""derived gold forecast""}"
293,563,OH,2026-05-27,12,4,26,1.03,gold-data-v1,"{""source"": ""FACT_SALES.csv"", ""signal"": ""derived gold forecast""}"
294,619,TX,2026-05-28,12,4,26,1.24,gold-data-v1,"{""source"": ""FACT_SALES.csv"", ""signal"": ""derived gold forecast""}"
295,477,IN,2026-05-08,12,4,26,1.22,gold-data-v1,"{""source"": ""FACT_SALES.csv"", ""signal"": ""derived gold forecast""}"
296,220,IN,2026-05-09,12,4,26,1.1,gold-data-v1,"{""source"": ""FACT_SALES.csv"", ""signal"": ""derived gold forecast""}"
297,189,FL,2026-05-10,12,4,26,1.14,gold-data-v1,"{""source"": ""FACT_SALES.csv"", ""signal"": ""derived gold forecast""}"
298,599,TX,2026-05-11,12,4,26,1.04,gold-data-v1,"{""source"": ""FACT_SALES.csv"", ""signal"": ""derived gold forecast""}"
299,479,CA,2026-05-12,12,4,26,1.24,gold-data-v1,"{""source"": ""FACT_SALES.csv"", ""signal"": ""derived gold forecast""}"
300,614,TX,2026-05-13,13,5,27,1.19,gold-data-v1,"{""source"": ""FACT_SALES.csv"", ""signal"": ""derived gold forecast""}"
301,535,TX,2026-05-14,12,4,26,1.1,gold-data-v1,"{""source"": ""FACT_SALES.csv"", ""signal"": ""derived gold forecast""}"
302,480,OH,2026-05-15,12,4,26,1.25,gold-data-v1,"{""source"": ""FACT_SALES.csv"", ""signal"": ""derived gold forecast""}"
303,499,CA,2026-05-16,12,4,26,1.09,gold-data-v1,"{""source"": ""FACT_SALES.csv"", ""signal"": ""derived gold forecast""}"
304,480,WA,2026-05-17,12,4,26,1.25,gold-data-v1,"{""source"": ""FACT_SALES.csv"", ""signal"": ""derived gold forecast""}"
305,522,CA,2026-05-18,12,4,26,1.32,gold-data-v1,"{""source"": ""FACT_SALES.csv"", ""signal"": ""derived gold forecast""}"
306,608,OH,2026-05-19,12,4,26,1.13,gold-data-v1,"{""source"": ""FACT_SALES.csv"", ""signal"": ""derived gold forecast""}"
307,198,OH,2026-05-20,12,4,26,1.23,gold-data-v1,"{""source"": ""FACT_SALES.csv"", ""signal"": ""derived gold forecast""}"
308,193,PA,2026-05-21,12,4,26,1.18,gold-data-v1,"{""source"": ""FACT_SALES.csv"", ""signal"": ""derived gold forecast""}"
309,444,TX,2026-05-22,12,4,26,1.24,gold-data-v1,"{""source"": ""FACT_SALES.csv"", ""signal"": ""derived gold forecast""}"
310,573,OH,2026-05-23,14,6,28,1.13,gold-data-v1,"{""source"": ""FACT_SALES.csv"", ""signal"": ""derived gold forecast""}"
311,566,OH,2026-05-24,12,4,26,1.06,gold-data-v1,"{""source"": ""FACT_SALES.csv"", ""signal"": ""derived gold forecast""}"
312,549,OH,2026-05-25,12,4,26,1.24,gold-data-v1,"{""source"": ""FACT_SALES.csv"", ""signal"": ""derived gold forecast""}"
313,596,CA,2026-05-26,12,4,26,1.01,gold-data-v1,"{""source"": ""FACT_SALES.csv"", ""signal"": ""derived gold forecast""}"
314,574,CA,2026-05-27,12,4,26,1.14,gold-data-v1,"{""source"": ""FACT_SALES.csv"", ""signal"": ""derived gold forecast""}"
315,597,CA,2026-05-28,12,4,26,1.02,gold-data-v1,"{""source"": ""FACT_SALES.csv"", ""signal"": ""derived gold forecast""}"
316,490,CA,2026-05-08,12,4,26,1.0,gold-data-v1,"{""source"": ""FACT_SALES.csv"", ""signal"": ""derived gold forecast""}"
317,392,TX,2026-05-09,12,4,26,1.07,gold-data-v1,"{""source"": ""FACT_SALES.csv"", ""signal"": ""derived gold forecast""}"
318,580,TX,2026-05-10,12,4,26,1.2,gold-data-v1,"{""source"": ""FACT_SALES.csv"", ""signal"": ""derived gold forecast""}"
319,468,PA,2026-05-11,12,4,26,1.13,gold-data-v1,"{""source"": ""FACT_SALES.csv"", ""signal"": ""derived gold forecast""}"
320,474,TX,2026-05-12,13,5,27,1.19,gold-data-v1,"{""source"": ""FACT_SALES.csv"", ""signal"": ""derived gold forecast""}"
