case_entity_id,case_id,entity_id,role,evidence_score
1,1,1,seed,96.0
2,1,2,shared_order,96.0
3,1,4,refund_method,96.0
4,1,3,store,96.0
5,2,5,seed,96.0
6,2,6,shared_order,96.0
7,2,8,refund_method,96.0
8,2,7,store,96.0
9,3,9,seed,94.0
10,3,10,shared_order,94.0
11,3,12,refund_method,94.0
12,3,11,store,94.0
13,2,1,seed,93.0
14,2,13,shared_order,93.0
15,2,8,refund_method,93.0
16,2,14,store,93.0
17,4,15,seed,93.0
18,4,16,shared_order,93.0
19,4,18,refund_method,93.0
20,4,17,store,93.0
21,5,19,seed,92.0
22,5,20,shared_order,92.0
23,5,22,refund_method,92.0
24,5,21,store,92.0
25,1,23,seed,92.0
26,1,24,shared_order,92.0
27,1,4,refund_method,92.0
28,1,21,store,92.0
29,1,25,seed,92.0
30,1,26,shared_order,92.0
31,1,4,refund_method,92.0
32,1,27,store,92.0
33,1,23,seed,92.0
34,1,28,shared_order,92.0
35,1,4,refund_method,92.0
36,1,29,store,92.0
37,3,15,seed,91.0
38,3,30,shared_order,91.0
39,3,12,refund_method,91.0
40,3,31,store,91.0
41,2,32,seed,91.0
42,2,33,shared_order,91.0
43,2,8,refund_method,91.0
44,2,29,store,91.0
45,2,34,seed,90.0
46,2,35,shared_order,90.0
47,2,8,refund_method,90.0
48,2,36,store,90.0
49,3,37,seed,89.0
50,3,38,shared_order,89.0
51,3,12,refund_method,89.0
52,3,29,store,89.0
53,5,39,seed,89.0
54,5,40,shared_order,89.0
55,5,22,refund_method,89.0
56,5,41,store,89.0
57,5,42,seed,89.0
58,5,43,shared_order,89.0
59,5,22,refund_method,89.0
60,5,44,store,89.0
61,2,45,seed,89.0
62,2,46,shared_order,89.0
63,2,8,refund_method,89.0
64,2,47,store,89.0
65,4,48,seed,89.0
66,4,49,shared_order,89.0
67,4,18,refund_method,89.0
68,4,50,store,89.0
69,4,9,seed,88.0
70,4,51,shared_order,88.0
71,4,18,refund_method,88.0
72,4,52,store,88.0
73,5,53,seed,87.0
74,5,54,shared_order,87.0
75,5,22,refund_method,87.0
76,5,55,store,87.0
77,6,9,seed,86.0
78,6,56,shared_order,86.0
79,6,57,refund_method,86.0
80,6,29,store,86.0
81,4,58,seed,85.0
82,4,59,shared_order,85.0
83,4,18,refund_method,85.0
84,4,60,store,85.0
85,2,61,seed,85.0
86,2,62,shared_order,85.0
87,2,8,refund_method,85.0
88,2,63,store,85.0
89,2,64,seed,85.0
90,2,65,shared_order,85.0
91,2,8,refund_method,85.0
92,2,66,store,85.0
93,2,67,seed,84.0
94,2,68,shared_order,84.0
95,2,8,refund_method,84.0
96,2,69,store,84.0
97,7,70,seed,83.0
98,7,71,shared_order,83.0
99,7,73,refund_method,83.0
100,7,72,store,83.0
101,8,9,seed,83.0
102,8,74,shared_order,83.0
103,8,76,refund_method,83.0
104,8,75,store,83.0
105,5,77,seed,83.0
106,5,78,shared_order,83.0
107,5,22,refund_method,83.0
108,5,79,store,83.0
109,9,23,seed,81.0
110,9,80,shared_order,81.0
111,9,82,refund_method,81.0
112,9,81,store,81.0
113,2,83,seed,81.0
114,2,84,shared_order,81.0
115,2,8,refund_method,81.0
116,2,66,store,81.0
117,8,85,seed,81.0
118,8,86,shared_order,81.0
119,8,76,refund_method,81.0
120,8,87,store,81.0
121,6,88,seed,81.0
122,6,89,shared_order,81.0
123,6,57,refund_method,81.0
124,6,90,store,81.0
125,8,91,seed,81.0
126,8,92,shared_order,81.0
127,8,76,refund_method,81.0
128,8,17,store,81.0
129,1,48,seed,81.0
130,1,93,shared_order,81.0
131,1,4,refund_method,81.0
132,1,55,store,81.0
133,10,94,seed,81.0
134,10,95,shared_order,81.0
135,10,96,refund_method,81.0
136,10,7,store,81.0
137,9,9,seed,80.0
138,9,97,shared_order,80.0
139,9,82,refund_method,80.0
140,9,47,store,80.0
141,5,98,seed,80.0
142,5,99,shared_order,80.0
143,5,22,refund_method,80.0
144,5,100,store,80.0
145,7,101,seed,80.0
146,7,102,shared_order,80.0
147,7,73,refund_method,80.0
148,7,103,store,80.0
149,9,104,seed,79.0
150,9,105,shared_order,79.0
151,9,82,refund_method,79.0
152,9,11,store,79.0
153,9,106,seed,79.0
154,9,107,shared_order,79.0
155,9,82,refund_method,79.0
156,9,108,store,79.0
157,2,109,seed,78.0
158,2,110,shared_order,78.0
159,2,8,refund_method,78.0
160,2,111,store,78.0
161,11,23,seed,78.0
162,11,112,shared_order,78.0
163,11,113,refund_method,78.0
164,11,75,store,78.0
165,9,48,seed,77.0
166,9,114,shared_order,77.0
167,9,82,refund_method,77.0
168,9,27,store,77.0
169,3,23,seed,76.0
170,3,115,shared_order,76.0
171,3,12,refund_method,76.0
172,3,29,store,76.0
173,11,116,seed,76.0
174,11,117,shared_order,76.0
175,11,113,refund_method,76.0
176,11,118,store,76.0
177,5,119,seed,76.0
178,5,120,shared_order,76.0
179,5,22,refund_method,76.0
180,5,121,store,76.0
181,6,5,seed,76.0
182,6,122,shared_order,76.0
183,6,57,refund_method,76.0
184,6,103,store,76.0
185,8,123,seed,76.0
186,8,124,shared_order,76.0
187,8,76,refund_method,76.0
188,8,125,store,76.0
189,1,126,seed,75.0
190,1,127,shared_order,75.0
191,1,4,refund_method,75.0
192,1,128,store,75.0
193,5,129,seed,75.0
194,5,130,shared_order,75.0
195,5,22,refund_method,75.0
196,5,87,store,75.0
197,7,1,seed,74.0
198,7,131,shared_order,74.0
199,7,73,refund_method,74.0
200,7,55,store,74.0
201,8,19,seed,74.0
202,8,132,shared_order,74.0
203,8,76,refund_method,74.0
204,8,3,store,74.0
205,7,1,seed,74.0
206,7,133,shared_order,74.0
207,7,73,refund_method,74.0
208,7,69,store,74.0
209,11,134,seed,74.0
210,11,135,shared_order,74.0
211,11,113,refund_method,74.0
212,11,118,store,74.0
213,2,136,seed,73.0
214,2,137,shared_order,73.0
215,2,8,refund_method,73.0
216,2,69,store,73.0
217,2,138,seed,73.0
218,2,139,shared_order,73.0
219,2,8,refund_method,73.0
220,2,50,store,73.0
221,8,140,seed,72.0
222,8,141,shared_order,72.0
223,8,76,refund_method,72.0
224,8,142,store,72.0
225,7,143,seed,72.0
226,7,144,shared_order,72.0
227,7,73,refund_method,72.0
228,7,11,store,72.0
229,9,32,seed,72.0
230,9,145,shared_order,72.0
231,9,82,refund_method,72.0
232,9,63,store,72.0
233,7,146,seed,71.0
234,7,147,shared_order,71.0
235,7,73,refund_method,71.0
236,7,44,store,71.0
237,9,148,seed,71.0
238,9,149,shared_order,71.0
239,9,82,refund_method,71.0
240,9,150,store,71.0
241,9,151,seed,71.0
242,9,152,shared_order,71.0
243,9,82,refund_method,71.0
244,9,47,store,71.0
245,7,1,seed,71.0
246,7,153,shared_order,71.0
247,7,73,refund_method,71.0
248,7,103,store,71.0
249,2,154,seed,71.0
250,2,155,shared_order,71.0
251,2,8,refund_method,71.0
252,2,156,store,71.0
253,11,157,seed,71.0
254,11,158,shared_order,71.0
255,11,113,refund_method,71.0
256,11,103,store,71.0
257,8,159,seed,70.0
258,8,160,shared_order,70.0
259,8,76,refund_method,70.0
260,8,14,store,70.0
261,9,161,seed,69.0
262,9,162,shared_order,69.0
263,9,82,refund_method,69.0
264,9,21,store,69.0
265,9,163,seed,69.0
266,9,164,shared_order,69.0
267,9,82,refund_method,69.0
268,9,27,store,69.0
269,9,165,seed,68.0
270,9,166,shared_order,68.0
271,9,82,refund_method,68.0
272,9,167,store,68.0
273,10,168,seed,65.0
274,10,169,shared_order,65.0
275,10,96,refund_method,65.0
276,10,170,store,65.0
277,8,171,seed,59.0
278,8,172,shared_order,59.0
279,8,76,refund_method,59.0
280,8,29,store,59.0
281,9,173,seed,57.0
282,9,174,shared_order,57.0
283,9,82,refund_method,57.0
284,9,41,store,57.0
285,8,175,seed,52.0
286,8,176,shared_order,52.0
287,8,76,refund_method,52.0
288,8,75,store,52.0
289,10,177,seed,52.0
290,10,178,shared_order,52.0
291,10,96,refund_method,52.0
292,10,179,store,52.0
293,10,180,seed,51.0
294,10,181,shared_order,51.0
295,10,96,refund_method,51.0
296,10,72,store,51.0
297,9,182,seed,50.0
298,9,183,shared_order,50.0
299,9,82,refund_method,50.0
300,9,170,store,50.0
301,5,184,seed,49.0
302,5,185,shared_order,49.0
303,5,22,refund_method,49.0
304,5,111,store,49.0
305,5,186,seed,48.0
306,5,187,shared_order,48.0
307,5,22,refund_method,48.0
308,5,50,store,48.0
309,5,188,seed,48.0
310,5,189,shared_order,48.0
311,5,22,refund_method,48.0
312,5,190,store,48.0
313,10,191,seed,48.0
314,10,192,shared_order,48.0
315,10,96,refund_method,48.0
316,10,72,store,48.0
317,10,193,seed,47.0
318,10,194,shared_order,47.0
319,10,96,refund_method,47.0
320,10,128,store,47.0
