product_id,brand_id,sku,product_name,description,category,subcategory,unit_price,unit_cost,weight_kg,is_active,launch_date,tags,created_at,updated_at
1,1,PG-00001,SummitStride Trail Runner,"Footwear item for PeakGear stores, e-commerce, and B2B partners; tracked for demand forecasting, dynamic price match, inventory, and customer propensity workflows.",Footwear,Trail Running,149.99,72,0.68,1,2025-11-24,"trail-running,footwear,grip,demand-forecast",2026-04-13T09:16:47Z,2026-04-13T09:16:47Z
2,1,PG-00002,RidgeRunner Hiking Boot,"Footwear item for PeakGear stores, e-commerce, and B2B partners; tracked for demand forecasting, dynamic price match, inventory, and customer propensity workflows.",Footwear,Hiking Boots,189.99,91.5,1.25,1,2026-03-01,"hiking,boots,outdoor,inventory",2026-04-13T09:16:47Z,2026-04-13T09:16:47Z
3,1,PG-00003,VelocityFit Court Shoe,"Footwear item for PeakGear stores, e-commerce, and B2B partners; tracked for demand forecasting, dynamic price match, inventory, and customer propensity workflows.",Footwear,Court Sports,129.99,58,0.72,1,2024-11-20,"court,team-sports,footwear",2026-04-13T09:16:47Z,2026-04-13T09:16:47Z
4,1,PG-00004,GoldLayer Training Hoodie,"Activewear item for PeakGear stores, e-commerce, and B2B partners; tracked for demand forecasting, dynamic price match, inventory, and customer propensity workflows.",Activewear,Hoodies,84.99,31,0.52,1,2025-07-31,"gold-layer,activewear,training",2026-04-13T09:16:47Z,2026-04-13T09:16:47Z
5,1,PG-00005,SilverRidge Trail Shell,"Activewear item for PeakGear stores, e-commerce, and B2B partners; tracked for demand forecasting, dynamic price match, inventory, and customer propensity workflows.",Activewear,Outerwear,179.99,78,0.44,1,2025-08-13,"silver-layer,trail,weatherproof",2026-04-13T09:16:47Z,2026-04-13T09:16:47Z
6,2,PG-00006,BronzeTrail Base Tee,"Activewear item for PeakGear stores, e-commerce, and B2B partners; tracked for demand forecasting, dynamic price match, inventory, and customer propensity workflows.",Activewear,Base Layers,34.99,11.5,0.18,1,2025-06-13,"bronze-layer,tee,training",2026-04-13T09:16:47Z,2026-04-13T09:16:47Z
7,2,PG-00007,MotionFlex Compression Tight,"Activewear item for PeakGear stores, e-commerce, and B2B partners; tracked for demand forecasting, dynamic price match, inventory, and customer propensity workflows.",Activewear,Compression,69.99,25,0.26,1,2025-02-15,"activewear,compression,fitness",2026-04-13T09:16:47Z,2026-04-13T09:16:47Z
8,2,PG-00008,StormGuard Rain Jacket,"Outdoor Gear item for PeakGear stores, e-commerce, and B2B partners; tracked for demand forecasting, dynamic price match, inventory, and customer propensity workflows.",Outdoor Gear,Weather Shells,159.99,68,0.58,1,2024-07-08,"outdoor,rain,storm,zero-copy",2026-04-13T09:16:47Z,2026-04-13T09:16:47Z
9,2,PG-00009,ZeroCopy Hydration Vest,"Outdoor Gear item for PeakGear stores, e-commerce, and B2B partners; tracked for demand forecasting, dynamic price match, inventory, and customer propensity workflows.",Outdoor Gear,Hydration,119.99,49,0.41,1,2026-02-04,"hydration,trail,zero-copy",2026-04-13T09:16:47Z,2026-04-13T09:16:47Z
10,2,PG-00010,SilverRidge Backpack 35L,"Outdoor Gear item for PeakGear stores, e-commerce, and B2B partners; tracked for demand forecasting, dynamic price match, inventory, and customer propensity workflows.",Outdoor Gear,Packs,139.99,61,1.15,1,2025-11-19,"pack,backpack,silver-layer",2026-04-13T09:16:47Z,2026-04-13T09:16:47Z
11,3,PG-00011,TrailForge Trekking Poles,"Outdoor Gear item for PeakGear stores, e-commerce, and B2B partners; tracked for demand forecasting, dynamic price match, inventory, and customer propensity workflows.",Outdoor Gear,Trekking Poles,99.99,39,0.62,1,2024-11-16,"trekking,trailforge,outdoor",2026-04-13T09:16:47Z,2026-04-13T09:16:47Z
12,3,PG-00012,SummitCore Sleeping Bag,"Outdoor Gear item for PeakGear stores, e-commerce, and B2B partners; tracked for demand forecasting, dynamic price match, inventory, and customer propensity workflows.",Outdoor Gear,Camp Sleep,219.99,98,1.8,1,2025-06-14,"summit,camping,sleep",2026-04-13T09:16:47Z,2026-04-13T09:16:47Z
13,3,PG-00013,ApexCamp 3P Tent,"Outdoor Gear item for PeakGear stores, e-commerce, and B2B partners; tracked for demand forecasting, dynamic price match, inventory, and customer propensity workflows.",Outdoor Gear,Tents,349.99,175,3.2,1,2025-05-19,"tent,camping,apex",2026-04-13T09:16:47Z,2026-04-13T09:16:47Z
14,3,PG-00014,PulseTrack GPS Watch,"Fitness Devices item for PeakGear stores, e-commerce, and B2B partners; tracked for demand forecasting, dynamic price match, inventory, and customer propensity workflows.",Fitness Devices,Wearables,249.99,118,0.08,1,2025-09-28,"fitness-device,gps,aidp",2026-04-13T09:16:47Z,2026-04-13T09:16:47Z
15,3,PG-00015,ApexBand HR Sensor,"Fitness Devices item for PeakGear stores, e-commerce, and B2B partners; tracked for demand forecasting, dynamic price match, inventory, and customer propensity workflows.",Fitness Devices,Sensors,79.99,29,0.04,1,2024-07-07,"wearable,heart-rate,fitness",2026-04-13T09:16:47Z,2026-04-13T09:16:47Z
16,4,PG-00016,CadencePro Bike Computer,"Fitness Devices item for PeakGear stores, e-commerce, and B2B partners; tracked for demand forecasting, dynamic price match, inventory, and customer propensity workflows.",Fitness Devices,Cycling Tech,199.99,91,0.11,1,2024-07-07,"cycling,device,fitness",2026-04-13T09:16:47Z,2026-04-13T09:16:47Z
17,4,PG-00017,RecoveryPulse Massage Sleeve,"Fitness Devices item for PeakGear stores, e-commerce, and B2B partners; tracked for demand forecasting, dynamic price match, inventory, and customer propensity workflows.",Fitness Devices,Recovery,129.99,55,0.35,1,2024-12-10,"recovery,fitness,wellness",2026-04-13T09:16:47Z,2026-04-13T09:16:47Z
18,4,PG-00018,PowerRack Adjustable Kettlebell,"Fitness Equipment item for PeakGear stores, e-commerce, and B2B partners; tracked for demand forecasting, dynamic price match, inventory, and customer propensity workflows.",Fitness Equipment,Strength,119.99,50,8,1,2025-11-15,"strength,kettlebell,store-pickup",2026-04-13T09:16:47Z,2026-04-13T09:16:47Z
19,4,PG-00019,CoreBalance Yoga Kit,"Fitness Equipment item for PeakGear stores, e-commerce, and B2B partners; tracked for demand forecasting, dynamic price match, inventory, and customer propensity workflows.",Fitness Equipment,Yoga,64.99,22,1.1,1,2024-10-17,"yoga,training,home-fitness",2026-04-13T09:16:47Z,2026-04-13T09:16:47Z
20,4,PG-00020,CourtCore Basketball,"Team Sports item for PeakGear stores, e-commerce, and B2B partners; tracked for demand forecasting, dynamic price match, inventory, and customer propensity workflows.",Team Sports,Basketball,39.99,13,0.62,1,2024-10-01,"team-sports,basketball,b2b",2026-04-13T09:16:47Z,2026-04-13T09:16:47Z
21,5,PG-00021,GoalLine Team Kit,"Team Sports item for PeakGear stores, e-commerce, and B2B partners; tracked for demand forecasting, dynamic price match, inventory, and customer propensity workflows.",Team Sports,Soccer,299.99,128,4.6,1,2024-06-23,"team-kit,soccer,b2b",2026-04-13T09:16:47Z,2026-04-13T09:16:47Z
22,5,PG-00022,DiamondPro Baseball Glove,"Team Sports item for PeakGear stores, e-commerce, and B2B partners; tracked for demand forecasting, dynamic price match, inventory, and customer propensity workflows.",Team Sports,Baseball,119.99,48,0.55,1,2024-08-03,"baseball,glove,team",2026-04-13T09:16:47Z,2026-04-13T09:16:47Z
23,5,PG-00023,Waterline SUP Board,"Water Sports item for PeakGear stores, e-commerce, and B2B partners; tracked for demand forecasting, dynamic price match, inventory, and customer propensity workflows.",Water Sports,Paddle Boards,599.99,310,10.5,1,2025-09-21,"water-sports,sup,oversized",2026-04-13T09:16:47Z,2026-04-13T09:16:47Z
24,5,PG-00024,CoastalDry Duffel,"Outdoor Gear item for PeakGear stores, e-commerce, and B2B partners; tracked for demand forecasting, dynamic price match, inventory, and customer propensity workflows.",Outdoor Gear,Dry Bags,89.99,33,0.85,1,2025-01-22,"waterproof,duffel,outdoor",2026-04-13T09:16:47Z,2026-04-13T09:16:47Z
25,5,PG-00025,TeamPack Sideline Bundle,"B2B Partnerships item for PeakGear stores, e-commerce, and B2B partners; tracked for demand forecasting, dynamic price match, inventory, and customer propensity workflows.",B2B Partnerships,Team Bundles,799.99,365,12,1,2024-05-04,"b2b,team-sales,school-athletics",2026-04-13T09:16:47Z,2026-04-13T09:16:47Z
26,6,PG-00026,Dynamic Price Match Bundle,"E-Commerce item for PeakGear stores, e-commerce, and B2B partners; tracked for demand forecasting, dynamic price match, inventory, and customer propensity workflows.",E-Commerce,Promotions,59.99,19,0.3,1,2024-11-15,"dynamic-price-match,promotion,ecommerce",2026-04-13T09:16:47Z,2026-04-13T09:16:47Z
27,6,PG-00027,Returns Audit Starter Kit,"Store Operations item for PeakGear stores, e-commerce, and B2B partners; tracked for demand forecasting, dynamic price match, inventory, and customer propensity workflows.",Store Operations,Returns Audit,44.99,12,0.2,1,2024-11-18,"returns-audit,store-ops,quality",2026-04-13T09:16:47Z,2026-04-13T09:16:47Z
28,6,PG-00028,Product Image Enrichment Pack,"Product Data item for PeakGear stores, e-commerce, and B2B partners; tracked for demand forecasting, dynamic price match, inventory, and customer propensity workflows.",Product Data,Digital Assets,24.99,5,0.01,1,2025-01-08,"product-images,object-store,catalog",2026-04-13T09:16:47Z,2026-04-13T09:16:47Z
29,6,PG-00029,Store Master Info Kit,"Store Operations item for PeakGear stores, e-commerce, and B2B partners; tracked for demand forecasting, dynamic price match, inventory, and customer propensity workflows.",Store Operations,Store Master,39.99,9,0.02,1,2024-10-24,"store-master,pos,governance",2026-04-13T09:16:47Z,2026-04-13T09:16:47Z
30,6,PG-00030,Customer Propensity Offer Pack,"Loyalty and Offers item for PeakGear stores, e-commerce, and B2B partners; tracked for demand forecasting, dynamic price match, inventory, and customer propensity workflows.",Loyalty and Offers,Campaign Targeting,49.99,14,0.05,1,2025-02-15,"customer-propensity,campaign,loyalty",2026-04-13T09:16:47Z,2026-04-13T09:16:47Z
31,7,PG-00031,SummitStride Trail Runner 2,"Footwear item for PeakGear stores, e-commerce, and B2B partners; tracked for demand forecasting, dynamic price match, inventory, and customer propensity workflows.",Footwear,Trail Running,149.99,72,0.68,1,2024-10-03,"trail-running,footwear,grip,demand-forecast",2026-04-13T09:16:47Z,2026-04-13T09:16:47Z
32,7,PG-00032,RidgeRunner Hiking Boot 2,"Footwear item for PeakGear stores, e-commerce, and B2B partners; tracked for demand forecasting, dynamic price match, inventory, and customer propensity workflows.",Footwear,Hiking Boots,189.99,91.5,1.25,1,2025-11-21,"hiking,boots,outdoor,inventory",2026-04-13T09:16:47Z,2026-04-13T09:16:47Z
33,7,PG-00033,VelocityFit Court Shoe 2,"Footwear item for PeakGear stores, e-commerce, and B2B partners; tracked for demand forecasting, dynamic price match, inventory, and customer propensity workflows.",Footwear,Court Sports,129.99,58,0.72,1,2024-12-24,"court,team-sports,footwear",2026-04-13T09:16:47Z,2026-04-13T09:16:47Z
34,7,PG-00034,GoldLayer Training Hoodie 2,"Activewear item for PeakGear stores, e-commerce, and B2B partners; tracked for demand forecasting, dynamic price match, inventory, and customer propensity workflows.",Activewear,Hoodies,84.99,31,0.52,1,2025-05-24,"gold-layer,activewear,training",2026-04-13T09:16:47Z,2026-04-13T09:16:47Z
35,7,PG-00035,SilverRidge Trail Shell 2,"Activewear item for PeakGear stores, e-commerce, and B2B partners; tracked for demand forecasting, dynamic price match, inventory, and customer propensity workflows.",Activewear,Outerwear,179.99,78,0.44,1,2025-04-27,"silver-layer,trail,weatherproof",2026-04-13T09:16:47Z,2026-04-13T09:16:47Z
36,8,PG-00036,BronzeTrail Base Tee 2,"Activewear item for PeakGear stores, e-commerce, and B2B partners; tracked for demand forecasting, dynamic price match, inventory, and customer propensity workflows.",Activewear,Base Layers,34.99,11.5,0.18,1,2025-11-06,"bronze-layer,tee,training",2026-04-13T09:16:47Z,2026-04-13T09:16:47Z
37,8,PG-00037,MotionFlex Compression Tight 2,"Activewear item for PeakGear stores, e-commerce, and B2B partners; tracked for demand forecasting, dynamic price match, inventory, and customer propensity workflows.",Activewear,Compression,69.99,25,0.26,1,2026-03-02,"activewear,compression,fitness",2026-04-13T09:16:47Z,2026-04-13T09:16:47Z
38,8,PG-00038,StormGuard Rain Jacket 2,"Outdoor Gear item for PeakGear stores, e-commerce, and B2B partners; tracked for demand forecasting, dynamic price match, inventory, and customer propensity workflows.",Outdoor Gear,Weather Shells,159.99,68,0.58,1,2024-05-31,"outdoor,rain,storm,zero-copy",2026-04-13T09:16:47Z,2026-04-13T09:16:47Z
39,8,PG-00039,ZeroCopy Hydration Vest 2,"Outdoor Gear item for PeakGear stores, e-commerce, and B2B partners; tracked for demand forecasting, dynamic price match, inventory, and customer propensity workflows.",Outdoor Gear,Hydration,119.99,49,0.41,1,2024-09-03,"hydration,trail,zero-copy",2026-04-13T09:16:47Z,2026-04-13T09:16:47Z
40,8,PG-00040,SilverRidge Backpack 35L 2,"Outdoor Gear item for PeakGear stores, e-commerce, and B2B partners; tracked for demand forecasting, dynamic price match, inventory, and customer propensity workflows.",Outdoor Gear,Packs,139.99,61,1.15,1,2024-11-05,"pack,backpack,silver-layer",2026-04-13T09:16:47Z,2026-04-13T09:16:47Z
41,9,PG-00041,TrailForge Trekking Poles 2,"Outdoor Gear item for PeakGear stores, e-commerce, and B2B partners; tracked for demand forecasting, dynamic price match, inventory, and customer propensity workflows.",Outdoor Gear,Trekking Poles,99.99,39,0.62,1,2024-12-04,"trekking,trailforge,outdoor",2026-04-13T09:16:47Z,2026-04-13T09:16:47Z
42,9,PG-00042,SummitCore Sleeping Bag 2,"Outdoor Gear item for PeakGear stores, e-commerce, and B2B partners; tracked for demand forecasting, dynamic price match, inventory, and customer propensity workflows.",Outdoor Gear,Camp Sleep,219.99,98,1.8,1,2025-03-25,"summit,camping,sleep",2026-04-13T09:16:47Z,2026-04-13T09:16:47Z
43,9,PG-00043,ApexCamp 3P Tent 2,"Outdoor Gear item for PeakGear stores, e-commerce, and B2B partners; tracked for demand forecasting, dynamic price match, inventory, and customer propensity workflows.",Outdoor Gear,Tents,349.99,175,3.2,1,2025-09-10,"tent,camping,apex",2026-04-13T09:16:47Z,2026-04-13T09:16:47Z
44,9,PG-00044,PulseTrack GPS Watch 2,"Fitness Devices item for PeakGear stores, e-commerce, and B2B partners; tracked for demand forecasting, dynamic price match, inventory, and customer propensity workflows.",Fitness Devices,Wearables,249.99,118,0.08,1,2024-09-27,"fitness-device,gps,aidp",2026-04-13T09:16:47Z,2026-04-13T09:16:47Z
45,9,PG-00045,ApexBand HR Sensor 2,"Fitness Devices item for PeakGear stores, e-commerce, and B2B partners; tracked for demand forecasting, dynamic price match, inventory, and customer propensity workflows.",Fitness Devices,Sensors,79.99,29,0.04,1,2025-07-29,"wearable,heart-rate,fitness",2026-04-13T09:16:47Z,2026-04-13T09:16:47Z
46,10,PG-00046,CadencePro Bike Computer 2,"Fitness Devices item for PeakGear stores, e-commerce, and B2B partners; tracked for demand forecasting, dynamic price match, inventory, and customer propensity workflows.",Fitness Devices,Cycling Tech,199.99,91,0.11,1,2024-07-28,"cycling,device,fitness",2026-04-13T09:16:47Z,2026-04-13T09:16:47Z
47,10,PG-00047,RecoveryPulse Massage Sleeve 2,"Fitness Devices item for PeakGear stores, e-commerce, and B2B partners; tracked for demand forecasting, dynamic price match, inventory, and customer propensity workflows.",Fitness Devices,Recovery,129.99,55,0.35,1,2024-05-10,"recovery,fitness,wellness",2026-04-13T09:16:47Z,2026-04-13T09:16:47Z
48,10,PG-00048,PowerRack Adjustable Kettlebell 2,"Fitness Equipment item for PeakGear stores, e-commerce, and B2B partners; tracked for demand forecasting, dynamic price match, inventory, and customer propensity workflows.",Fitness Equipment,Strength,119.99,50,8,1,2024-09-16,"strength,kettlebell,store-pickup",2026-04-13T09:16:47Z,2026-04-13T09:16:47Z
49,10,PG-00049,CoreBalance Yoga Kit 2,"Fitness Equipment item for PeakGear stores, e-commerce, and B2B partners; tracked for demand forecasting, dynamic price match, inventory, and customer propensity workflows.",Fitness Equipment,Yoga,64.99,22,1.1,1,2024-07-12,"yoga,training,home-fitness",2026-04-13T09:16:47Z,2026-04-13T09:16:47Z
50,10,PG-00050,CourtCore Basketball 2,"Team Sports item for PeakGear stores, e-commerce, and B2B partners; tracked for demand forecasting, dynamic price match, inventory, and customer propensity workflows.",Team Sports,Basketball,39.99,13,0.62,1,2024-08-17,"team-sports,basketball,b2b",2026-04-13T09:16:47Z,2026-04-13T09:16:47Z
51,11,PG-00051,GoalLine Team Kit 2,"Team Sports item for PeakGear stores, e-commerce, and B2B partners; tracked for demand forecasting, dynamic price match, inventory, and customer propensity workflows.",Team Sports,Soccer,299.99,128,4.6,1,2024-09-16,"team-kit,soccer,b2b",2026-04-13T09:16:47Z,2026-04-13T09:16:47Z
52,11,PG-00052,DiamondPro Baseball Glove 2,"Team Sports item for PeakGear stores, e-commerce, and B2B partners; tracked for demand forecasting, dynamic price match, inventory, and customer propensity workflows.",Team Sports,Baseball,119.99,48,0.55,1,2024-06-26,"baseball,glove,team",2026-04-13T09:16:47Z,2026-04-13T09:16:47Z
53,11,PG-00053,Waterline SUP Board 2,"Water Sports item for PeakGear stores, e-commerce, and B2B partners; tracked for demand forecasting, dynamic price match, inventory, and customer propensity workflows.",Water Sports,Paddle Boards,599.99,310,10.5,1,2025-07-23,"water-sports,sup,oversized",2026-04-13T09:16:47Z,2026-04-13T09:16:47Z
54,11,PG-00054,CoastalDry Duffel 2,"Outdoor Gear item for PeakGear stores, e-commerce, and B2B partners; tracked for demand forecasting, dynamic price match, inventory, and customer propensity workflows.",Outdoor Gear,Dry Bags,89.99,33,0.85,1,2024-12-21,"waterproof,duffel,outdoor",2026-04-13T09:16:47Z,2026-04-13T09:16:47Z
55,11,PG-00055,TeamPack Sideline Bundle 2,"B2B Partnerships item for PeakGear stores, e-commerce, and B2B partners; tracked for demand forecasting, dynamic price match, inventory, and customer propensity workflows.",B2B Partnerships,Team Bundles,799.99,365,12,1,2025-07-17,"b2b,team-sales,school-athletics",2026-04-13T09:16:47Z,2026-04-13T09:16:47Z
56,12,PG-00056,Dynamic Price Match Bundle 2,"E-Commerce item for PeakGear stores, e-commerce, and B2B partners; tracked for demand forecasting, dynamic price match, inventory, and customer propensity workflows.",E-Commerce,Promotions,59.99,19,0.3,1,2025-12-15,"dynamic-price-match,promotion,ecommerce",2026-04-13T09:16:47Z,2026-04-13T09:16:47Z
57,12,PG-00057,Returns Audit Starter Kit 2,"Store Operations item for PeakGear stores, e-commerce, and B2B partners; tracked for demand forecasting, dynamic price match, inventory, and customer propensity workflows.",Store Operations,Returns Audit,44.99,12,0.2,1,2024-11-02,"returns-audit,store-ops,quality",2026-04-13T09:16:47Z,2026-04-13T09:16:47Z
58,12,PG-00058,Product Image Enrichment Pack 2,"Product Data item for PeakGear stores, e-commerce, and B2B partners; tracked for demand forecasting, dynamic price match, inventory, and customer propensity workflows.",Product Data,Digital Assets,24.99,5,0.01,1,2025-06-28,"product-images,object-store,catalog",2026-04-13T09:16:47Z,2026-04-13T09:16:47Z
59,12,PG-00059,Store Master Info Kit 2,"Store Operations item for PeakGear stores, e-commerce, and B2B partners; tracked for demand forecasting, dynamic price match, inventory, and customer propensity workflows.",Store Operations,Store Master,39.99,9,0.02,1,2024-05-27,"store-master,pos,governance",2026-04-13T09:16:47Z,2026-04-13T09:16:47Z
60,12,PG-00060,Customer Propensity Offer Pack 2,"Loyalty and Offers item for PeakGear stores, e-commerce, and B2B partners; tracked for demand forecasting, dynamic price match, inventory, and customer propensity workflows.",Loyalty and Offers,Campaign Targeting,49.99,14,0.05,1,2026-02-23,"customer-propensity,campaign,loyalty",2026-04-13T09:16:47Z,2026-04-13T09:16:47Z
61,31,PG-00061,SummitStride Trail Runner 3,"Footwear item for PeakGear stores, e-commerce, and B2B partners; tracked for demand forecasting, dynamic price match, inventory, and customer propensity workflows.",Footwear,Trail Running,149.99,72,0.68,1,2024-05-18,"trail-running,footwear,grip,demand-forecast",2026-04-13T09:16:47Z,2026-04-13T09:16:47Z
62,32,PG-00062,RidgeRunner Hiking Boot 3,"Footwear item for PeakGear stores, e-commerce, and B2B partners; tracked for demand forecasting, dynamic price match, inventory, and customer propensity workflows.",Footwear,Hiking Boots,189.99,91.5,1.25,1,2025-08-07,"hiking,boots,outdoor,inventory",2026-04-13T09:16:47Z,2026-04-13T09:16:47Z
63,33,PG-00063,VelocityFit Court Shoe 3,"Footwear item for PeakGear stores, e-commerce, and B2B partners; tracked for demand forecasting, dynamic price match, inventory, and customer propensity workflows.",Footwear,Court Sports,129.99,58,0.72,1,2026-02-15,"court,team-sports,footwear",2026-04-13T09:16:47Z,2026-04-13T09:16:47Z
64,34,PG-00064,GoldLayer Training Hoodie 3,"Activewear item for PeakGear stores, e-commerce, and B2B partners; tracked for demand forecasting, dynamic price match, inventory, and customer propensity workflows.",Activewear,Hoodies,84.99,31,0.52,1,2024-11-16,"gold-layer,activewear,training",2026-04-13T09:16:47Z,2026-04-13T09:16:47Z
65,35,PG-00065,SilverRidge Trail Shell 3,"Activewear item for PeakGear stores, e-commerce, and B2B partners; tracked for demand forecasting, dynamic price match, inventory, and customer propensity workflows.",Activewear,Outerwear,179.99,78,0.44,1,2025-01-29,"silver-layer,trail,weatherproof",2026-04-13T09:16:47Z,2026-04-13T09:16:47Z
66,36,PG-00066,BronzeTrail Base Tee 3,"Activewear item for PeakGear stores, e-commerce, and B2B partners; tracked for demand forecasting, dynamic price match, inventory, and customer propensity workflows.",Activewear,Base Layers,34.99,11.5,0.18,1,2025-11-30,"bronze-layer,tee,training",2026-04-13T09:16:47Z,2026-04-13T09:16:47Z
67,37,PG-00067,MotionFlex Compression Tight 3,"Activewear item for PeakGear stores, e-commerce, and B2B partners; tracked for demand forecasting, dynamic price match, inventory, and customer propensity workflows.",Activewear,Compression,69.99,25,0.26,1,2025-02-07,"activewear,compression,fitness",2026-04-13T09:16:47Z,2026-04-13T09:16:47Z
68,38,PG-00068,StormGuard Rain Jacket 3,"Outdoor Gear item for PeakGear stores, e-commerce, and B2B partners; tracked for demand forecasting, dynamic price match, inventory, and customer propensity workflows.",Outdoor Gear,Weather Shells,159.99,68,0.58,1,2025-05-08,"outdoor,rain,storm,zero-copy",2026-04-13T09:16:47Z,2026-04-13T09:16:47Z
69,39,PG-00069,ZeroCopy Hydration Vest 3,"Outdoor Gear item for PeakGear stores, e-commerce, and B2B partners; tracked for demand forecasting, dynamic price match, inventory, and customer propensity workflows.",Outdoor Gear,Hydration,119.99,49,0.41,1,2025-11-15,"hydration,trail,zero-copy",2026-04-13T09:16:47Z,2026-04-13T09:16:47Z
70,40,PG-00070,SilverRidge Backpack 35L 3,"Outdoor Gear item for PeakGear stores, e-commerce, and B2B partners; tracked for demand forecasting, dynamic price match, inventory, and customer propensity workflows.",Outdoor Gear,Packs,139.99,61,1.15,1,2024-11-27,"pack,backpack,silver-layer",2026-04-13T09:16:47Z,2026-04-13T09:16:47Z
71,41,PG-00071,TrailForge Trekking Poles 3,"Outdoor Gear item for PeakGear stores, e-commerce, and B2B partners; tracked for demand forecasting, dynamic price match, inventory, and customer propensity workflows.",Outdoor Gear,Trekking Poles,99.99,39,0.62,1,2025-01-28,"trekking,trailforge,outdoor",2026-04-13T09:16:47Z,2026-04-13T09:16:47Z
72,24,PG-00072,SummitCore Sleeping Bag 3,"Outdoor Gear item for PeakGear stores, e-commerce, and B2B partners; tracked for demand forecasting, dynamic price match, inventory, and customer propensity workflows.",Outdoor Gear,Camp Sleep,219.99,98,1.8,1,2025-08-02,"summit,camping,sleep",2026-04-13T09:16:47Z,2026-04-13T09:16:47Z
73,25,PG-00073,ApexCamp 3P Tent 3,"Outdoor Gear item for PeakGear stores, e-commerce, and B2B partners; tracked for demand forecasting, dynamic price match, inventory, and customer propensity workflows.",Outdoor Gear,Tents,349.99,175,3.2,1,2024-11-26,"tent,camping,apex",2026-04-13T09:16:47Z,2026-04-13T09:16:47Z
74,26,PG-00074,PulseTrack GPS Watch 3,"Fitness Devices item for PeakGear stores, e-commerce, and B2B partners; tracked for demand forecasting, dynamic price match, inventory, and customer propensity workflows.",Fitness Devices,Wearables,249.99,118,0.08,1,2024-04-15,"fitness-device,gps,aidp",2026-04-13T09:16:47Z,2026-04-13T09:16:47Z
75,28,PG-00075,ApexBand HR Sensor 3,"Fitness Devices item for PeakGear stores, e-commerce, and B2B partners; tracked for demand forecasting, dynamic price match, inventory, and customer propensity workflows.",Fitness Devices,Sensors,79.99,29,0.04,1,2025-03-17,"wearable,heart-rate,fitness",2026-04-13T09:16:47Z,2026-04-13T09:16:47Z
76,29,PG-00076,CadencePro Bike Computer 3,"Fitness Devices item for PeakGear stores, e-commerce, and B2B partners; tracked for demand forecasting, dynamic price match, inventory, and customer propensity workflows.",Fitness Devices,Cycling Tech,199.99,91,0.11,1,2025-10-09,"cycling,device,fitness",2026-04-13T09:16:47Z,2026-04-13T09:16:47Z
77,30,PG-00077,RecoveryPulse Massage Sleeve 3,"Fitness Devices item for PeakGear stores, e-commerce, and B2B partners; tracked for demand forecasting, dynamic price match, inventory, and customer propensity workflows.",Fitness Devices,Recovery,129.99,55,0.35,1,2024-11-18,"recovery,fitness,wellness",2026-04-13T09:16:47Z,2026-04-13T09:16:47Z
78,48,PG-00078,PowerRack Adjustable Kettlebell 3,"Fitness Equipment item for PeakGear stores, e-commerce, and B2B partners; tracked for demand forecasting, dynamic price match, inventory, and customer propensity workflows.",Fitness Equipment,Strength,119.99,50,8,1,2025-10-17,"strength,kettlebell,store-pickup",2026-04-13T09:16:47Z,2026-04-13T09:16:47Z
79,49,PG-00079,CoreBalance Yoga Kit 3,"Fitness Equipment item for PeakGear stores, e-commerce, and B2B partners; tracked for demand forecasting, dynamic price match, inventory, and customer propensity workflows.",Fitness Equipment,Yoga,64.99,22,1.1,1,2025-06-27,"yoga,training,home-fitness",2026-04-13T09:16:47Z,2026-04-13T09:16:47Z
80,1,PG-00080,CourtCore Basketball 3,"Team Sports item for PeakGear stores, e-commerce, and B2B partners; tracked for demand forecasting, dynamic price match, inventory, and customer propensity workflows.",Team Sports,Basketball,39.99,13,0.62,1,2024-08-03,"team-sports,basketball,b2b",2026-04-13T09:16:47Z,2026-04-13T09:16:47Z
81,1,PG-00081,GoalLine Team Kit 3,"Team Sports item for PeakGear stores, e-commerce, and B2B partners; tracked for demand forecasting, dynamic price match, inventory, and customer propensity workflows.",Team Sports,Soccer,299.99,128,4.6,1,2025-03-21,"team-kit,soccer,b2b",2026-04-13T09:16:47Z,2026-04-13T09:16:47Z
82,1,PG-00082,DiamondPro Baseball Glove 3,"Team Sports item for PeakGear stores, e-commerce, and B2B partners; tracked for demand forecasting, dynamic price match, inventory, and customer propensity workflows.",Team Sports,Baseball,119.99,48,0.55,1,2025-04-23,"baseball,glove,team",2026-04-13T09:16:47Z,2026-04-13T09:16:47Z
83,1,PG-00083,Waterline SUP Board 3,"Water Sports item for PeakGear stores, e-commerce, and B2B partners; tracked for demand forecasting, dynamic price match, inventory, and customer propensity workflows.",Water Sports,Paddle Boards,599.99,310,10.5,1,2025-03-24,"water-sports,sup,oversized",2026-04-13T09:16:47Z,2026-04-13T09:16:47Z
84,1,PG-00084,CoastalDry Duffel 3,"Outdoor Gear item for PeakGear stores, e-commerce, and B2B partners; tracked for demand forecasting, dynamic price match, inventory, and customer propensity workflows.",Outdoor Gear,Dry Bags,89.99,33,0.85,1,2026-02-02,"waterproof,duffel,outdoor",2026-04-13T09:16:47Z,2026-04-13T09:16:47Z
85,2,PG-00085,TeamPack Sideline Bundle 3,"B2B Partnerships item for PeakGear stores, e-commerce, and B2B partners; tracked for demand forecasting, dynamic price match, inventory, and customer propensity workflows.",B2B Partnerships,Team Bundles,799.99,365,12,1,2025-10-26,"b2b,team-sales,school-athletics",2026-04-13T09:16:47Z,2026-04-13T09:16:47Z
86,2,PG-00086,Dynamic Price Match Bundle 3,"E-Commerce item for PeakGear stores, e-commerce, and B2B partners; tracked for demand forecasting, dynamic price match, inventory, and customer propensity workflows.",E-Commerce,Promotions,59.99,19,0.3,1,2026-01-06,"dynamic-price-match,promotion,ecommerce",2026-04-13T09:16:47Z,2026-04-13T09:16:47Z
87,2,PG-00087,Returns Audit Starter Kit 3,"Store Operations item for PeakGear stores, e-commerce, and B2B partners; tracked for demand forecasting, dynamic price match, inventory, and customer propensity workflows.",Store Operations,Returns Audit,44.99,12,0.2,1,2025-08-24,"returns-audit,store-ops,quality",2026-04-13T09:16:47Z,2026-04-13T09:16:47Z
88,2,PG-00088,Product Image Enrichment Pack 3,"Product Data item for PeakGear stores, e-commerce, and B2B partners; tracked for demand forecasting, dynamic price match, inventory, and customer propensity workflows.",Product Data,Digital Assets,24.99,5,0.01,1,2025-07-16,"product-images,object-store,catalog",2026-04-13T09:16:47Z,2026-04-13T09:16:47Z
89,2,PG-00089,Store Master Info Kit 3,"Store Operations item for PeakGear stores, e-commerce, and B2B partners; tracked for demand forecasting, dynamic price match, inventory, and customer propensity workflows.",Store Operations,Store Master,39.99,9,0.02,1,2024-09-06,"store-master,pos,governance",2026-04-13T09:16:47Z,2026-04-13T09:16:47Z
90,3,PG-00090,Customer Propensity Offer Pack 3,"Loyalty and Offers item for PeakGear stores, e-commerce, and B2B partners; tracked for demand forecasting, dynamic price match, inventory, and customer propensity workflows.",Loyalty and Offers,Campaign Targeting,49.99,14,0.05,1,2025-06-10,"customer-propensity,campaign,loyalty",2026-04-13T09:16:47Z,2026-04-13T09:16:47Z
91,3,PG-00091,SummitStride Trail Runner 4,"Footwear item for PeakGear stores, e-commerce, and B2B partners; tracked for demand forecasting, dynamic price match, inventory, and customer propensity workflows.",Footwear,Trail Running,149.99,72,0.68,1,2025-10-18,"trail-running,footwear,grip,demand-forecast",2026-04-13T09:16:47Z,2026-04-13T09:16:47Z
92,3,PG-00092,RidgeRunner Hiking Boot 4,"Footwear item for PeakGear stores, e-commerce, and B2B partners; tracked for demand forecasting, dynamic price match, inventory, and customer propensity workflows.",Footwear,Hiking Boots,189.99,91.5,1.25,1,2024-05-06,"hiking,boots,outdoor,inventory",2026-04-13T09:16:47Z,2026-04-13T09:16:47Z
93,3,PG-00093,VelocityFit Court Shoe 4,"Footwear item for PeakGear stores, e-commerce, and B2B partners; tracked for demand forecasting, dynamic price match, inventory, and customer propensity workflows.",Footwear,Court Sports,129.99,58,0.72,1,2025-09-24,"court,team-sports,footwear",2026-04-13T09:16:47Z,2026-04-13T09:16:47Z
94,3,PG-00094,GoldLayer Training Hoodie 4,"Activewear item for PeakGear stores, e-commerce, and B2B partners; tracked for demand forecasting, dynamic price match, inventory, and customer propensity workflows.",Activewear,Hoodies,84.99,31,0.52,1,2024-08-07,"gold-layer,activewear,training",2026-04-13T09:16:47Z,2026-04-13T09:16:47Z
95,4,PG-00095,SilverRidge Trail Shell 4,"Activewear item for PeakGear stores, e-commerce, and B2B partners; tracked for demand forecasting, dynamic price match, inventory, and customer propensity workflows.",Activewear,Outerwear,179.99,78,0.44,1,2025-06-10,"silver-layer,trail,weatherproof",2026-04-13T09:16:47Z,2026-04-13T09:16:47Z
96,4,PG-00096,BronzeTrail Base Tee 4,"Activewear item for PeakGear stores, e-commerce, and B2B partners; tracked for demand forecasting, dynamic price match, inventory, and customer propensity workflows.",Activewear,Base Layers,34.99,11.5,0.18,1,2025-09-21,"bronze-layer,tee,training",2026-04-13T09:16:47Z,2026-04-13T09:16:47Z
97,4,PG-00097,MotionFlex Compression Tight 4,"Activewear item for PeakGear stores, e-commerce, and B2B partners; tracked for demand forecasting, dynamic price match, inventory, and customer propensity workflows.",Activewear,Compression,69.99,25,0.26,1,2024-12-11,"activewear,compression,fitness",2026-04-13T09:16:47Z,2026-04-13T09:16:47Z
98,4,PG-00098,StormGuard Rain Jacket 4,"Outdoor Gear item for PeakGear stores, e-commerce, and B2B partners; tracked for demand forecasting, dynamic price match, inventory, and customer propensity workflows.",Outdoor Gear,Weather Shells,159.99,68,0.58,1,2024-08-06,"outdoor,rain,storm,zero-copy",2026-04-13T09:16:47Z,2026-04-13T09:16:47Z
99,4,PG-00099,ZeroCopy Hydration Vest 4,"Outdoor Gear item for PeakGear stores, e-commerce, and B2B partners; tracked for demand forecasting, dynamic price match, inventory, and customer propensity workflows.",Outdoor Gear,Hydration,119.99,49,0.41,1,2025-10-22,"hydration,trail,zero-copy",2026-04-13T09:16:47Z,2026-04-13T09:16:47Z
100,5,PG-00100,SilverRidge Backpack 35L 4,"Outdoor Gear item for PeakGear stores, e-commerce, and B2B partners; tracked for demand forecasting, dynamic price match, inventory, and customer propensity workflows.",Outdoor Gear,Packs,139.99,61,1.15,1,2025-04-02,"pack,backpack,silver-layer",2026-04-13T09:16:47Z,2026-04-13T09:16:47Z
101,5,PG-00101,TrailForge Trekking Poles 4,"Outdoor Gear item for PeakGear stores, e-commerce, and B2B partners; tracked for demand forecasting, dynamic price match, inventory, and customer propensity workflows.",Outdoor Gear,Trekking Poles,99.99,39,0.62,1,2025-03-13,"trekking,trailforge,outdoor",2026-04-13T09:16:47Z,2026-04-13T09:16:47Z
102,5,PG-00102,SummitCore Sleeping Bag 4,"Outdoor Gear item for PeakGear stores, e-commerce, and B2B partners; tracked for demand forecasting, dynamic price match, inventory, and customer propensity workflows.",Outdoor Gear,Camp Sleep,219.99,98,1.8,1,2025-02-24,"summit,camping,sleep",2026-04-13T09:16:47Z,2026-04-13T09:16:47Z
103,5,PG-00103,ApexCamp 3P Tent 4,"Outdoor Gear item for PeakGear stores, e-commerce, and B2B partners; tracked for demand forecasting, dynamic price match, inventory, and customer propensity workflows.",Outdoor Gear,Tents,349.99,175,3.2,1,2026-01-05,"tent,camping,apex",2026-04-13T09:16:47Z,2026-04-13T09:16:47Z
104,5,PG-00104,PulseTrack GPS Watch 4,"Fitness Devices item for PeakGear stores, e-commerce, and B2B partners; tracked for demand forecasting, dynamic price match, inventory, and customer propensity workflows.",Fitness Devices,Wearables,249.99,118,0.08,1,2025-02-24,"fitness-device,gps,aidp",2026-04-13T09:16:47Z,2026-04-13T09:16:47Z
105,6,PG-00105,ApexBand HR Sensor 4,"Fitness Devices item for PeakGear stores, e-commerce, and B2B partners; tracked for demand forecasting, dynamic price match, inventory, and customer propensity workflows.",Fitness Devices,Sensors,79.99,29,0.04,1,2024-08-20,"wearable,heart-rate,fitness",2026-04-13T09:16:47Z,2026-04-13T09:16:47Z
106,6,PG-00106,CadencePro Bike Computer 4,"Fitness Devices item for PeakGear stores, e-commerce, and B2B partners; tracked for demand forecasting, dynamic price match, inventory, and customer propensity workflows.",Fitness Devices,Cycling Tech,199.99,91,0.11,1,2025-08-20,"cycling,device,fitness",2026-04-13T09:16:47Z,2026-04-13T09:16:47Z
107,6,PG-00107,RecoveryPulse Massage Sleeve 4,"Fitness Devices item for PeakGear stores, e-commerce, and B2B partners; tracked for demand forecasting, dynamic price match, inventory, and customer propensity workflows.",Fitness Devices,Recovery,129.99,55,0.35,1,2025-12-22,"recovery,fitness,wellness",2026-04-13T09:16:47Z,2026-04-13T09:16:47Z
108,6,PG-00108,PowerRack Adjustable Kettlebell 4,"Fitness Equipment item for PeakGear stores, e-commerce, and B2B partners; tracked for demand forecasting, dynamic price match, inventory, and customer propensity workflows.",Fitness Equipment,Strength,119.99,50,8,1,2026-02-27,"strength,kettlebell,store-pickup",2026-04-13T09:16:47Z,2026-04-13T09:16:47Z
109,6,PG-00109,CoreBalance Yoga Kit 4,"Fitness Equipment item for PeakGear stores, e-commerce, and B2B partners; tracked for demand forecasting, dynamic price match, inventory, and customer propensity workflows.",Fitness Equipment,Yoga,64.99,22,1.1,1,2024-07-27,"yoga,training,home-fitness",2026-04-13T09:16:47Z,2026-04-13T09:16:47Z
110,7,PG-00110,CourtCore Basketball 4,"Team Sports item for PeakGear stores, e-commerce, and B2B partners; tracked for demand forecasting, dynamic price match, inventory, and customer propensity workflows.",Team Sports,Basketball,39.99,13,0.62,1,2024-10-31,"team-sports,basketball,b2b",2026-04-13T09:16:47Z,2026-04-13T09:16:47Z
111,7,PG-00111,GoalLine Team Kit 4,"Team Sports item for PeakGear stores, e-commerce, and B2B partners; tracked for demand forecasting, dynamic price match, inventory, and customer propensity workflows.",Team Sports,Soccer,299.99,128,4.6,1,2024-05-06,"team-kit,soccer,b2b",2026-04-13T09:16:47Z,2026-04-13T09:16:47Z
112,7,PG-00112,DiamondPro Baseball Glove 4,"Team Sports item for PeakGear stores, e-commerce, and B2B partners; tracked for demand forecasting, dynamic price match, inventory, and customer propensity workflows.",Team Sports,Baseball,119.99,48,0.55,1,2025-10-11,"baseball,glove,team",2026-04-13T09:16:47Z,2026-04-13T09:16:47Z
113,7,PG-00113,Waterline SUP Board 4,"Water Sports item for PeakGear stores, e-commerce, and B2B partners; tracked for demand forecasting, dynamic price match, inventory, and customer propensity workflows.",Water Sports,Paddle Boards,599.99,310,10.5,1,2024-08-07,"water-sports,sup,oversized",2026-04-13T09:16:47Z,2026-04-13T09:16:47Z
114,7,PG-00114,CoastalDry Duffel 4,"Outdoor Gear item for PeakGear stores, e-commerce, and B2B partners; tracked for demand forecasting, dynamic price match, inventory, and customer propensity workflows.",Outdoor Gear,Dry Bags,89.99,33,0.85,1,2025-05-07,"waterproof,duffel,outdoor",2026-04-13T09:16:47Z,2026-04-13T09:16:47Z
115,8,PG-00115,TeamPack Sideline Bundle 4,"B2B Partnerships item for PeakGear stores, e-commerce, and B2B partners; tracked for demand forecasting, dynamic price match, inventory, and customer propensity workflows.",B2B Partnerships,Team Bundles,799.99,365,12,1,2026-01-14,"b2b,team-sales,school-athletics",2026-04-13T09:16:47Z,2026-04-13T09:16:47Z
116,8,PG-00116,Dynamic Price Match Bundle 4,"E-Commerce item for PeakGear stores, e-commerce, and B2B partners; tracked for demand forecasting, dynamic price match, inventory, and customer propensity workflows.",E-Commerce,Promotions,59.99,19,0.3,1,2025-11-30,"dynamic-price-match,promotion,ecommerce",2026-04-13T09:16:47Z,2026-04-13T09:16:47Z
117,8,PG-00117,Returns Audit Starter Kit 4,"Store Operations item for PeakGear stores, e-commerce, and B2B partners; tracked for demand forecasting, dynamic price match, inventory, and customer propensity workflows.",Store Operations,Returns Audit,44.99,12,0.2,1,2025-06-01,"returns-audit,store-ops,quality",2026-04-13T09:16:47Z,2026-04-13T09:16:47Z
118,8,PG-00118,Product Image Enrichment Pack 4,"Product Data item for PeakGear stores, e-commerce, and B2B partners; tracked for demand forecasting, dynamic price match, inventory, and customer propensity workflows.",Product Data,Digital Assets,24.99,5,0.01,1,2025-07-28,"product-images,object-store,catalog",2026-04-13T09:16:47Z,2026-04-13T09:16:47Z
119,8,PG-00119,Store Master Info Kit 4,"Store Operations item for PeakGear stores, e-commerce, and B2B partners; tracked for demand forecasting, dynamic price match, inventory, and customer propensity workflows.",Store Operations,Store Master,39.99,9,0.02,1,2026-02-18,"store-master,pos,governance",2026-04-13T09:16:47Z,2026-04-13T09:16:47Z
120,9,PG-00120,Customer Propensity Offer Pack 4,"Loyalty and Offers item for PeakGear stores, e-commerce, and B2B partners; tracked for demand forecasting, dynamic price match, inventory, and customer propensity workflows.",Loyalty and Offers,Campaign Targeting,49.99,14,0.05,1,2025-06-25,"customer-propensity,campaign,loyalty",2026-04-13T09:16:47Z,2026-04-13T09:16:47Z
121,9,PG-00121,SummitStride Trail Runner 5,"Footwear item for PeakGear stores, e-commerce, and B2B partners; tracked for demand forecasting, dynamic price match, inventory, and customer propensity workflows.",Footwear,Trail Running,149.99,72,0.68,1,2025-02-27,"trail-running,footwear,grip,demand-forecast",2026-04-13T09:16:47Z,2026-04-13T09:16:47Z
122,9,PG-00122,RidgeRunner Hiking Boot 5,"Footwear item for PeakGear stores, e-commerce, and B2B partners; tracked for demand forecasting, dynamic price match, inventory, and customer propensity workflows.",Footwear,Hiking Boots,189.99,91.5,1.25,1,2024-09-13,"hiking,boots,outdoor,inventory",2026-04-13T09:16:47Z,2026-04-13T09:16:47Z
123,9,PG-00123,VelocityFit Court Shoe 5,"Footwear item for PeakGear stores, e-commerce, and B2B partners; tracked for demand forecasting, dynamic price match, inventory, and customer propensity workflows.",Footwear,Court Sports,129.99,58,0.72,1,2025-05-31,"court,team-sports,footwear",2026-04-13T09:16:47Z,2026-04-13T09:16:47Z
124,9,PG-00124,GoldLayer Training Hoodie 5,"Activewear item for PeakGear stores, e-commerce, and B2B partners; tracked for demand forecasting, dynamic price match, inventory, and customer propensity workflows.",Activewear,Hoodies,84.99,31,0.52,1,2025-05-29,"gold-layer,activewear,training",2026-04-13T09:16:47Z,2026-04-13T09:16:47Z
125,10,PG-00125,SilverRidge Trail Shell 5,"Activewear item for PeakGear stores, e-commerce, and B2B partners; tracked for demand forecasting, dynamic price match, inventory, and customer propensity workflows.",Activewear,Outerwear,179.99,78,0.44,1,2025-03-22,"silver-layer,trail,weatherproof",2026-04-13T09:16:47Z,2026-04-13T09:16:47Z
126,10,PG-00126,BronzeTrail Base Tee 5,"Activewear item for PeakGear stores, e-commerce, and B2B partners; tracked for demand forecasting, dynamic price match, inventory, and customer propensity workflows.",Activewear,Base Layers,34.99,11.5,0.18,1,2024-04-26,"bronze-layer,tee,training",2026-04-13T09:16:47Z,2026-04-13T09:16:47Z
127,10,PG-00127,MotionFlex Compression Tight 5,"Activewear item for PeakGear stores, e-commerce, and B2B partners; tracked for demand forecasting, dynamic price match, inventory, and customer propensity workflows.",Activewear,Compression,69.99,25,0.26,1,2025-02-09,"activewear,compression,fitness",2026-04-13T09:16:47Z,2026-04-13T09:16:47Z
128,10,PG-00128,StormGuard Rain Jacket 5,"Outdoor Gear item for PeakGear stores, e-commerce, and B2B partners; tracked for demand forecasting, dynamic price match, inventory, and customer propensity workflows.",Outdoor Gear,Weather Shells,159.99,68,0.58,1,2025-07-26,"outdoor,rain,storm,zero-copy",2026-04-13T09:16:47Z,2026-04-13T09:16:47Z
129,10,PG-00129,ZeroCopy Hydration Vest 5,"Outdoor Gear item for PeakGear stores, e-commerce, and B2B partners; tracked for demand forecasting, dynamic price match, inventory, and customer propensity workflows.",Outdoor Gear,Hydration,119.99,49,0.41,1,2024-08-08,"hydration,trail,zero-copy",2026-04-13T09:16:47Z,2026-04-13T09:16:47Z
130,11,PG-00130,SilverRidge Backpack 35L 5,"Outdoor Gear item for PeakGear stores, e-commerce, and B2B partners; tracked for demand forecasting, dynamic price match, inventory, and customer propensity workflows.",Outdoor Gear,Packs,139.99,61,1.15,1,2024-10-25,"pack,backpack,silver-layer",2026-04-13T09:16:47Z,2026-04-13T09:16:47Z
131,11,PG-00131,TrailForge Trekking Poles 5,"Outdoor Gear item for PeakGear stores, e-commerce, and B2B partners; tracked for demand forecasting, dynamic price match, inventory, and customer propensity workflows.",Outdoor Gear,Trekking Poles,99.99,39,0.62,1,2024-10-27,"trekking,trailforge,outdoor",2026-04-13T09:16:47Z,2026-04-13T09:16:47Z
132,11,PG-00132,SummitCore Sleeping Bag 5,"Outdoor Gear item for PeakGear stores, e-commerce, and B2B partners; tracked for demand forecasting, dynamic price match, inventory, and customer propensity workflows.",Outdoor Gear,Camp Sleep,219.99,98,1.8,1,2025-10-18,"summit,camping,sleep",2026-04-13T09:16:47Z,2026-04-13T09:16:47Z
133,11,PG-00133,ApexCamp 3P Tent 5,"Outdoor Gear item for PeakGear stores, e-commerce, and B2B partners; tracked for demand forecasting, dynamic price match, inventory, and customer propensity workflows.",Outdoor Gear,Tents,349.99,175,3.2,1,2024-09-30,"tent,camping,apex",2026-04-13T09:16:47Z,2026-04-13T09:16:47Z
134,11,PG-00134,PulseTrack GPS Watch 5,"Fitness Devices item for PeakGear stores, e-commerce, and B2B partners; tracked for demand forecasting, dynamic price match, inventory, and customer propensity workflows.",Fitness Devices,Wearables,249.99,118,0.08,1,2025-04-20,"fitness-device,gps,aidp",2026-04-13T09:16:47Z,2026-04-13T09:16:47Z
135,12,PG-00135,ApexBand HR Sensor 5,"Fitness Devices item for PeakGear stores, e-commerce, and B2B partners; tracked for demand forecasting, dynamic price match, inventory, and customer propensity workflows.",Fitness Devices,Sensors,79.99,29,0.04,1,2025-06-16,"wearable,heart-rate,fitness",2026-04-13T09:16:47Z,2026-04-13T09:16:47Z
136,12,PG-00136,CadencePro Bike Computer 5,"Fitness Devices item for PeakGear stores, e-commerce, and B2B partners; tracked for demand forecasting, dynamic price match, inventory, and customer propensity workflows.",Fitness Devices,Cycling Tech,199.99,91,0.11,1,2025-07-28,"cycling,device,fitness",2026-04-13T09:16:47Z,2026-04-13T09:16:47Z
137,12,PG-00137,RecoveryPulse Massage Sleeve 5,"Fitness Devices item for PeakGear stores, e-commerce, and B2B partners; tracked for demand forecasting, dynamic price match, inventory, and customer propensity workflows.",Fitness Devices,Recovery,129.99,55,0.35,1,2024-09-30,"recovery,fitness,wellness",2026-04-13T09:16:47Z,2026-04-13T09:16:47Z
138,12,PG-00138,PowerRack Adjustable Kettlebell 5,"Fitness Equipment item for PeakGear stores, e-commerce, and B2B partners; tracked for demand forecasting, dynamic price match, inventory, and customer propensity workflows.",Fitness Equipment,Strength,119.99,50,8,1,2025-01-01,"strength,kettlebell,store-pickup",2026-04-13T09:16:47Z,2026-04-13T09:16:47Z
139,12,PG-00139,CoreBalance Yoga Kit 5,"Fitness Equipment item for PeakGear stores, e-commerce, and B2B partners; tracked for demand forecasting, dynamic price match, inventory, and customer propensity workflows.",Fitness Equipment,Yoga,64.99,22,1.1,1,2026-01-18,"yoga,training,home-fitness",2026-04-13T09:16:47Z,2026-04-13T09:16:47Z
140,31,PG-00140,CourtCore Basketball 5,"Team Sports item for PeakGear stores, e-commerce, and B2B partners; tracked for demand forecasting, dynamic price match, inventory, and customer propensity workflows.",Team Sports,Basketball,39.99,13,0.62,1,2026-02-08,"team-sports,basketball,b2b",2026-04-13T09:16:47Z,2026-04-13T09:16:47Z
141,32,PG-00141,GoalLine Team Kit 5,"Team Sports item for PeakGear stores, e-commerce, and B2B partners; tracked for demand forecasting, dynamic price match, inventory, and customer propensity workflows.",Team Sports,Soccer,299.99,128,4.6,1,2024-08-25,"team-kit,soccer,b2b",2026-04-13T09:16:47Z,2026-04-13T09:16:47Z
142,33,PG-00142,DiamondPro Baseball Glove 5,"Team Sports item for PeakGear stores, e-commerce, and B2B partners; tracked for demand forecasting, dynamic price match, inventory, and customer propensity workflows.",Team Sports,Baseball,119.99,48,0.55,1,2025-09-16,"baseball,glove,team",2026-04-13T09:16:47Z,2026-04-13T09:16:47Z
143,34,PG-00143,Waterline SUP Board 5,"Water Sports item for PeakGear stores, e-commerce, and B2B partners; tracked for demand forecasting, dynamic price match, inventory, and customer propensity workflows.",Water Sports,Paddle Boards,599.99,310,10.5,1,2025-02-11,"water-sports,sup,oversized",2026-04-13T09:16:47Z,2026-04-13T09:16:47Z
144,35,PG-00144,CoastalDry Duffel 5,"Outdoor Gear item for PeakGear stores, e-commerce, and B2B partners; tracked for demand forecasting, dynamic price match, inventory, and customer propensity workflows.",Outdoor Gear,Dry Bags,89.99,33,0.85,1,2025-01-01,"waterproof,duffel,outdoor",2026-04-13T09:16:47Z,2026-04-13T09:16:47Z
145,36,PG-00145,TeamPack Sideline Bundle 5,"B2B Partnerships item for PeakGear stores, e-commerce, and B2B partners; tracked for demand forecasting, dynamic price match, inventory, and customer propensity workflows.",B2B Partnerships,Team Bundles,799.99,365,12,1,2024-08-04,"b2b,team-sales,school-athletics",2026-04-13T09:16:47Z,2026-04-13T09:16:47Z
146,37,PG-00146,Dynamic Price Match Bundle 5,"E-Commerce item for PeakGear stores, e-commerce, and B2B partners; tracked for demand forecasting, dynamic price match, inventory, and customer propensity workflows.",E-Commerce,Promotions,59.99,19,0.3,1,2025-08-20,"dynamic-price-match,promotion,ecommerce",2026-04-13T09:16:47Z,2026-04-13T09:16:47Z
147,38,PG-00147,Returns Audit Starter Kit 5,"Store Operations item for PeakGear stores, e-commerce, and B2B partners; tracked for demand forecasting, dynamic price match, inventory, and customer propensity workflows.",Store Operations,Returns Audit,44.99,12,0.2,1,2025-12-23,"returns-audit,store-ops,quality",2026-04-13T09:16:47Z,2026-04-13T09:16:47Z
148,39,PG-00148,Product Image Enrichment Pack 5,"Product Data item for PeakGear stores, e-commerce, and B2B partners; tracked for demand forecasting, dynamic price match, inventory, and customer propensity workflows.",Product Data,Digital Assets,24.99,5,0.01,1,2024-12-13,"product-images,object-store,catalog",2026-04-13T09:16:47Z,2026-04-13T09:16:47Z
149,40,PG-00149,Store Master Info Kit 5,"Store Operations item for PeakGear stores, e-commerce, and B2B partners; tracked for demand forecasting, dynamic price match, inventory, and customer propensity workflows.",Store Operations,Store Master,39.99,9,0.02,1,2025-11-21,"store-master,pos,governance",2026-04-13T09:16:47Z,2026-04-13T09:16:47Z
150,41,PG-00150,Customer Propensity Offer Pack 5,"Loyalty and Offers item for PeakGear stores, e-commerce, and B2B partners; tracked for demand forecasting, dynamic price match, inventory, and customer propensity workflows.",Loyalty and Offers,Campaign Targeting,49.99,14,0.05,1,2025-05-17,"customer-propensity,campaign,loyalty",2026-04-13T09:16:47Z,2026-04-13T09:16:47Z
151,24,PG-00151,SummitStride Trail Runner 6,"Footwear item for PeakGear stores, e-commerce, and B2B partners; tracked for demand forecasting, dynamic price match, inventory, and customer propensity workflows.",Footwear,Trail Running,149.99,72,0.68,1,2025-01-02,"trail-running,footwear,grip,demand-forecast",2026-04-13T09:16:47Z,2026-04-13T09:16:47Z
152,25,PG-00152,RidgeRunner Hiking Boot 6,"Footwear item for PeakGear stores, e-commerce, and B2B partners; tracked for demand forecasting, dynamic price match, inventory, and customer propensity workflows.",Footwear,Hiking Boots,189.99,91.5,1.25,1,2025-10-26,"hiking,boots,outdoor,inventory",2026-04-13T09:16:47Z,2026-04-13T09:16:47Z
153,26,PG-00153,VelocityFit Court Shoe 6,"Footwear item for PeakGear stores, e-commerce, and B2B partners; tracked for demand forecasting, dynamic price match, inventory, and customer propensity workflows.",Footwear,Court Sports,129.99,58,0.72,1,2025-01-06,"court,team-sports,footwear",2026-04-13T09:16:47Z,2026-04-13T09:16:47Z
154,28,PG-00154,GoldLayer Training Hoodie 6,"Activewear item for PeakGear stores, e-commerce, and B2B partners; tracked for demand forecasting, dynamic price match, inventory, and customer propensity workflows.",Activewear,Hoodies,84.99,31,0.52,1,2025-01-08,"gold-layer,activewear,training",2026-04-13T09:16:47Z,2026-04-13T09:16:47Z
155,29,PG-00155,SilverRidge Trail Shell 6,"Activewear item for PeakGear stores, e-commerce, and B2B partners; tracked for demand forecasting, dynamic price match, inventory, and customer propensity workflows.",Activewear,Outerwear,179.99,78,0.44,1,2024-06-17,"silver-layer,trail,weatherproof",2026-04-13T09:16:47Z,2026-04-13T09:16:47Z
156,30,PG-00156,BronzeTrail Base Tee 6,"Activewear item for PeakGear stores, e-commerce, and B2B partners; tracked for demand forecasting, dynamic price match, inventory, and customer propensity workflows.",Activewear,Base Layers,34.99,11.5,0.18,1,2026-02-20,"bronze-layer,tee,training",2026-04-13T09:16:47Z,2026-04-13T09:16:47Z
157,48,PG-00157,MotionFlex Compression Tight 6,"Activewear item for PeakGear stores, e-commerce, and B2B partners; tracked for demand forecasting, dynamic price match, inventory, and customer propensity workflows.",Activewear,Compression,69.99,25,0.26,1,2025-03-10,"activewear,compression,fitness",2026-04-13T09:16:47Z,2026-04-13T09:16:47Z
158,49,PG-00158,StormGuard Rain Jacket 6,"Outdoor Gear item for PeakGear stores, e-commerce, and B2B partners; tracked for demand forecasting, dynamic price match, inventory, and customer propensity workflows.",Outdoor Gear,Weather Shells,159.99,68,0.58,1,2024-12-03,"outdoor,rain,storm,zero-copy",2026-04-13T09:16:47Z,2026-04-13T09:16:47Z
159,1,PG-00159,ZeroCopy Hydration Vest 6,"Outdoor Gear item for PeakGear stores, e-commerce, and B2B partners; tracked for demand forecasting, dynamic price match, inventory, and customer propensity workflows.",Outdoor Gear,Hydration,119.99,49,0.41,1,2024-07-08,"hydration,trail,zero-copy",2026-04-13T09:16:47Z,2026-04-13T09:16:47Z
160,1,PG-00160,SilverRidge Backpack 35L 6,"Outdoor Gear item for PeakGear stores, e-commerce, and B2B partners; tracked for demand forecasting, dynamic price match, inventory, and customer propensity workflows.",Outdoor Gear,Packs,139.99,61,1.15,1,2024-12-15,"pack,backpack,silver-layer",2026-04-13T09:16:47Z,2026-04-13T09:16:47Z
161,1,PG-00161,TrailForge Trekking Poles 6,"Outdoor Gear item for PeakGear stores, e-commerce, and B2B partners; tracked for demand forecasting, dynamic price match, inventory, and customer propensity workflows.",Outdoor Gear,Trekking Poles,99.99,39,0.62,1,2026-03-04,"trekking,trailforge,outdoor",2026-04-13T09:16:47Z,2026-04-13T09:16:47Z
162,1,PG-00162,SummitCore Sleeping Bag 6,"Outdoor Gear item for PeakGear stores, e-commerce, and B2B partners; tracked for demand forecasting, dynamic price match, inventory, and customer propensity workflows.",Outdoor Gear,Camp Sleep,219.99,98,1.8,1,2024-08-07,"summit,camping,sleep",2026-04-13T09:16:47Z,2026-04-13T09:16:47Z
163,1,PG-00163,ApexCamp 3P Tent 6,"Outdoor Gear item for PeakGear stores, e-commerce, and B2B partners; tracked for demand forecasting, dynamic price match, inventory, and customer propensity workflows.",Outdoor Gear,Tents,349.99,175,3.2,1,2025-10-03,"tent,camping,apex",2026-04-13T09:16:47Z,2026-04-13T09:16:47Z
164,2,PG-00164,PulseTrack GPS Watch 6,"Fitness Devices item for PeakGear stores, e-commerce, and B2B partners; tracked for demand forecasting, dynamic price match, inventory, and customer propensity workflows.",Fitness Devices,Wearables,249.99,118,0.08,1,2025-01-13,"fitness-device,gps,aidp",2026-04-13T09:16:47Z,2026-04-13T09:16:47Z
165,2,PG-00165,ApexBand HR Sensor 6,"Fitness Devices item for PeakGear stores, e-commerce, and B2B partners; tracked for demand forecasting, dynamic price match, inventory, and customer propensity workflows.",Fitness Devices,Sensors,79.99,29,0.04,1,2025-11-07,"wearable,heart-rate,fitness",2026-04-13T09:16:47Z,2026-04-13T09:16:47Z
166,2,PG-00166,CadencePro Bike Computer 6,"Fitness Devices item for PeakGear stores, e-commerce, and B2B partners; tracked for demand forecasting, dynamic price match, inventory, and customer propensity workflows.",Fitness Devices,Cycling Tech,199.99,91,0.11,1,2025-07-09,"cycling,device,fitness",2026-04-13T09:16:47Z,2026-04-13T09:16:47Z
167,2,PG-00167,RecoveryPulse Massage Sleeve 6,"Fitness Devices item for PeakGear stores, e-commerce, and B2B partners; tracked for demand forecasting, dynamic price match, inventory, and customer propensity workflows.",Fitness Devices,Recovery,129.99,55,0.35,1,2025-02-24,"recovery,fitness,wellness",2026-04-13T09:16:47Z,2026-04-13T09:16:47Z
168,2,PG-00168,PowerRack Adjustable Kettlebell 6,"Fitness Equipment item for PeakGear stores, e-commerce, and B2B partners; tracked for demand forecasting, dynamic price match, inventory, and customer propensity workflows.",Fitness Equipment,Strength,119.99,50,8,1,2025-01-24,"strength,kettlebell,store-pickup",2026-04-13T09:16:47Z,2026-04-13T09:16:47Z
169,3,PG-00169,CoreBalance Yoga Kit 6,"Fitness Equipment item for PeakGear stores, e-commerce, and B2B partners; tracked for demand forecasting, dynamic price match, inventory, and customer propensity workflows.",Fitness Equipment,Yoga,64.99,22,1.1,1,2026-01-25,"yoga,training,home-fitness",2026-04-13T09:16:47Z,2026-04-13T09:16:47Z
170,3,PG-00170,CourtCore Basketball 6,"Team Sports item for PeakGear stores, e-commerce, and B2B partners; tracked for demand forecasting, dynamic price match, inventory, and customer propensity workflows.",Team Sports,Basketball,39.99,13,0.62,1,2025-11-20,"team-sports,basketball,b2b",2026-04-13T09:16:47Z,2026-04-13T09:16:47Z
171,3,PG-00171,GoalLine Team Kit 6,"Team Sports item for PeakGear stores, e-commerce, and B2B partners; tracked for demand forecasting, dynamic price match, inventory, and customer propensity workflows.",Team Sports,Soccer,299.99,128,4.6,1,2025-10-27,"team-kit,soccer,b2b",2026-04-13T09:16:47Z,2026-04-13T09:16:47Z
172,3,PG-00172,DiamondPro Baseball Glove 6,"Team Sports item for PeakGear stores, e-commerce, and B2B partners; tracked for demand forecasting, dynamic price match, inventory, and customer propensity workflows.",Team Sports,Baseball,119.99,48,0.55,1,2025-10-13,"baseball,glove,team",2026-04-13T09:16:47Z,2026-04-13T09:16:47Z
173,3,PG-00173,Waterline SUP Board 6,"Water Sports item for PeakGear stores, e-commerce, and B2B partners; tracked for demand forecasting, dynamic price match, inventory, and customer propensity workflows.",Water Sports,Paddle Boards,599.99,310,10.5,1,2025-01-30,"water-sports,sup,oversized",2026-04-13T09:16:47Z,2026-04-13T09:16:47Z
174,4,PG-00174,CoastalDry Duffel 6,"Outdoor Gear item for PeakGear stores, e-commerce, and B2B partners; tracked for demand forecasting, dynamic price match, inventory, and customer propensity workflows.",Outdoor Gear,Dry Bags,89.99,33,0.85,1,2025-01-18,"waterproof,duffel,outdoor",2026-04-13T09:16:47Z,2026-04-13T09:16:47Z
175,4,PG-00175,TeamPack Sideline Bundle 6,"B2B Partnerships item for PeakGear stores, e-commerce, and B2B partners; tracked for demand forecasting, dynamic price match, inventory, and customer propensity workflows.",B2B Partnerships,Team Bundles,799.99,365,12,1,2024-04-13,"b2b,team-sales,school-athletics",2026-04-13T09:16:47Z,2026-04-13T09:16:47Z
176,4,PG-00176,Dynamic Price Match Bundle 6,"E-Commerce item for PeakGear stores, e-commerce, and B2B partners; tracked for demand forecasting, dynamic price match, inventory, and customer propensity workflows.",E-Commerce,Promotions,59.99,19,0.3,1,2025-06-19,"dynamic-price-match,promotion,ecommerce",2026-04-13T09:16:47Z,2026-04-13T09:16:47Z
177,4,PG-00177,Returns Audit Starter Kit 6,"Store Operations item for PeakGear stores, e-commerce, and B2B partners; tracked for demand forecasting, dynamic price match, inventory, and customer propensity workflows.",Store Operations,Returns Audit,44.99,12,0.2,1,2026-01-21,"returns-audit,store-ops,quality",2026-04-13T09:16:47Z,2026-04-13T09:16:47Z
178,4,PG-00178,Product Image Enrichment Pack 6,"Product Data item for PeakGear stores, e-commerce, and B2B partners; tracked for demand forecasting, dynamic price match, inventory, and customer propensity workflows.",Product Data,Digital Assets,24.99,5,0.01,1,2025-03-11,"product-images,object-store,catalog",2026-04-13T09:16:47Z,2026-04-13T09:16:47Z
179,5,PG-00179,Store Master Info Kit 6,"Store Operations item for PeakGear stores, e-commerce, and B2B partners; tracked for demand forecasting, dynamic price match, inventory, and customer propensity workflows.",Store Operations,Store Master,39.99,9,0.02,1,2026-01-28,"store-master,pos,governance",2026-04-13T09:16:47Z,2026-04-13T09:16:47Z
180,5,PG-00180,Customer Propensity Offer Pack 6,"Loyalty and Offers item for PeakGear stores, e-commerce, and B2B partners; tracked for demand forecasting, dynamic price match, inventory, and customer propensity workflows.",Loyalty and Offers,Campaign Targeting,49.99,14,0.05,1,2024-11-30,"customer-propensity,campaign,loyalty",2026-04-13T09:16:47Z,2026-04-13T09:16:47Z
181,5,PG-00181,SummitStride Trail Runner 7,"Footwear item for PeakGear stores, e-commerce, and B2B partners; tracked for demand forecasting, dynamic price match, inventory, and customer propensity workflows.",Footwear,Trail Running,149.99,72,0.68,1,2025-05-30,"trail-running,footwear,grip,demand-forecast",2026-04-13T09:16:47Z,2026-04-13T09:16:47Z
182,5,PG-00182,RidgeRunner Hiking Boot 7,"Footwear item for PeakGear stores, e-commerce, and B2B partners; tracked for demand forecasting, dynamic price match, inventory, and customer propensity workflows.",Footwear,Hiking Boots,189.99,91.5,1.25,1,2025-10-31,"hiking,boots,outdoor,inventory",2026-04-13T09:16:47Z,2026-04-13T09:16:47Z
183,5,PG-00183,VelocityFit Court Shoe 7,"Footwear item for PeakGear stores, e-commerce, and B2B partners; tracked for demand forecasting, dynamic price match, inventory, and customer propensity workflows.",Footwear,Court Sports,129.99,58,0.72,1,2025-03-09,"court,team-sports,footwear",2026-04-13T09:16:47Z,2026-04-13T09:16:47Z
184,6,PG-00184,GoldLayer Training Hoodie 7,"Activewear item for PeakGear stores, e-commerce, and B2B partners; tracked for demand forecasting, dynamic price match, inventory, and customer propensity workflows.",Activewear,Hoodies,84.99,31,0.52,1,2025-05-04,"gold-layer,activewear,training",2026-04-13T09:16:47Z,2026-04-13T09:16:47Z
185,6,PG-00185,SilverRidge Trail Shell 7,"Activewear item for PeakGear stores, e-commerce, and B2B partners; tracked for demand forecasting, dynamic price match, inventory, and customer propensity workflows.",Activewear,Outerwear,179.99,78,0.44,1,2025-07-23,"silver-layer,trail,weatherproof",2026-04-13T09:16:47Z,2026-04-13T09:16:47Z
186,6,PG-00186,BronzeTrail Base Tee 7,"Activewear item for PeakGear stores, e-commerce, and B2B partners; tracked for demand forecasting, dynamic price match, inventory, and customer propensity workflows.",Activewear,Base Layers,34.99,11.5,0.18,1,2024-12-31,"bronze-layer,tee,training",2026-04-13T09:16:47Z,2026-04-13T09:16:47Z
187,6,PG-00187,MotionFlex Compression Tight 7,"Activewear item for PeakGear stores, e-commerce, and B2B partners; tracked for demand forecasting, dynamic price match, inventory, and customer propensity workflows.",Activewear,Compression,69.99,25,0.26,1,2025-09-26,"activewear,compression,fitness",2026-04-13T09:16:47Z,2026-04-13T09:16:47Z
